combo_params,fold,score_val,VAL_Sharpe,VAL_CAGR%,VAL_MaxDD%,VAL_Calmar,VAL_SR_tstat,p_value,q_value,significant_5pct,significant_10pct,SR_above_HLZ_tmin,stat_label,weight_cap,k_atr,turb_zscore_thr,turb_scale_min,vol_target_ann
"{'weight_cap': 0.65, 'k_atr': 3.0, 'turb_zscore_thr': 1.0, 'turb_scale_min': 0.25, 'vol_target_ann': 0.35}",1,0.9982639087501846,1.3273,23.959,-8.131,2.9467,1.874,0.060949,1.0,False,False,False,econ_strong_stat_weak,0.65,3.0,1.0,0.25,0.35
"{'weight_cap': 0.55, 'k_atr': 3.0, 'turb_zscore_thr': 1.0, 'turb_scale_min': 0.25, 'vol_target_ann': 0.35}",1,0.9946823419122257,1.3244,23.892,-8.131,2.9385,1.87,0.06153,1.0,False,False,False,econ_strong_stat_weak,0.55,3.0,1.0,0.25,0.35
"{'weight_cap': 0.65, 'k_atr': 3.0, 'turb_zscore_thr': 1.0, 'turb_scale_min': 0.25, 'vol_target_ann': 0.3}",1,0.9739779773869468,1.3145,23.274,-8.131,2.8625,1.856,0.063472,1.0,False,False,False,econ_strong_stat_weak,0.65,3.0,1.0,0.25,0.3
"{'weight_cap': 0.55, 'k_atr': 3.0, 'turb_zscore_thr': 1.0, 'turb_scale_min': 0.25, 'vol_target_ann': 0.3}",1,0.9703718243367996,1.3115,23.208,-8.131,2.8544,1.852,0.064084,1.0,False,False,False,econ_strong_stat_weak,0.55,3.0,1.0,0.25,0.3
"{'weight_cap': 0.65, 'k_atr': 3.0, 'turb_zscore_thr': 1.0, 'turb_scale_min': 0.25, 'vol_target_ann': 0.25}",1,0.942678196636865,1.297,22.319,-8.131,2.7451,1.831,0.067083,1.0,False,False,False,econ_strong_stat_weak,0.65,3.0,1.0,0.25,0.25
"{'weight_cap': 0.55, 'k_atr': 3.0, 'turb_zscore_thr': 1.0, 'turb_scale_min': 0.25, 'vol_target_ann': 0.25}",1,0.9390316271612374,1.2938,22.253,-8.131,2.737,1.827,0.067739,1.0,False,False,False,econ_strong_stat_weak,0.55,3.0,1.0,0.25,0.25
"{'weight_cap': 0.65, 'k_atr': 3.0, 'turb_zscore_thr': 1.0, 'turb_scale_min': 0.4, 'vol_target_ann': 0.35}",1,0.9079148105073738,1.3152,24.134,-10.122,2.3842,1.857,0.063346,1.0,False,False,False,econ_strong_stat_weak,0.65,3.0,1.0,0.4,0.35
"{'weight_cap': 0.55, 'k_atr': 3.0, 'turb_zscore_thr': 1.0, 'turb_scale_min': 0.4, 'vol_target_ann': 0.35}",1,0.9046024074817741,1.3122,24.067,-10.122,2.3776,1.853,0.063936,1.0,False,False,False,econ_strong_stat_weak,0.55,3.0,1.0,0.4,0.35
"{'weight_cap': 0.65, 'k_atr': 3.0, 'turb_zscore_thr': 1.0, 'turb_scale_min': 0.4, 'vol_target_ann': 0.3}",1,0.88568347598958,1.302,23.448,-10.122,2.3165,1.838,0.066027,1.0,False,False,False,econ_strong_stat_weak,0.65,3.0,1.0,0.4,0.3
"{'weight_cap': 0.65, 'k_atr': 3.0, 'turb_zscore_thr': 1.5, 'turb_scale_min': 0.25, 'vol_target_ann': 0.35}",1,0.8844289027965646,1.2613,23.446,-9.338,2.5107,1.781,0.074934,1.0,False,False,False,econ_strong_stat_weak,0.65,3.0,1.5,0.25,0.35
"{'weight_cap': 0.55, 'k_atr': 3.0, 'turb_zscore_thr': 1.0, 'turb_scale_min': 0.4, 'vol_target_ann': 0.3}",1,0.8823471491893318,1.299,23.382,-10.122,2.3099,1.834,0.066648,1.0,False,False,False,econ_strong_stat_weak,0.55,3.0,1.0,0.4,0.3
"{'weight_cap': 0.55, 'k_atr': 3.0, 'turb_zscore_thr': 1.5, 'turb_scale_min': 0.25, 'vol_target_ann': 0.35}",1,0.880936003760396,1.2582,23.376,-9.338,2.5032,1.777,0.075628,1.0,False,False,False,econ_strong_stat_weak,0.55,3.0,1.5,0.25,0.35
"{'weight_cap': 0.65, 'k_atr': 3.0, 'turb_zscore_thr': 1.0, 'turb_scale_min': 0.4, 'vol_target_ann': 0.25}",1,0.8570265916828701,1.2838,22.492,-10.122,2.222,1.813,0.069885,1.0,False,False,False,econ_strong_stat_weak,0.65,3.0,1.0,0.4,0.25
"{'weight_cap': 0.65, 'k_atr': 3.0, 'turb_zscore_thr': 1.5, 'turb_scale_min': 0.25, 'vol_target_ann': 0.3}",1,0.8540445788983513,1.2429,22.593,-9.338,2.4194,1.755,0.079262,1.0,False,False,False,econ_strong_stat_weak,0.65,3.0,1.5,0.25,0.3
"{'weight_cap': 0.55, 'k_atr': 3.0, 'turb_zscore_thr': 1.0, 'turb_scale_min': 0.4, 'vol_target_ann': 0.25}",1,0.8536512128846001,1.2808,22.426,-10.122,2.2155,1.808,0.070552,1.0,False,False,False,econ_strong_stat_weak,0.55,3.0,1.0,0.4,0.25
"{'weight_cap': 0.55, 'k_atr': 3.0, 'turb_zscore_thr': 1.5, 'turb_scale_min': 0.25, 'vol_target_ann': 0.3}",1,0.8505251819026044,1.2398,22.524,-9.338,2.412,1.751,0.080003,1.0,False,False,False,econ_strong_stat_weak,0.55,3.0,1.5,0.25,0.3
"{'weight_cap': 0.65, 'k_atr': 3.0, 'turb_zscore_thr': 1.5, 'turb_scale_min': 0.4, 'vol_target_ann': 0.35}",1,0.8370394186076792,1.2661,23.857,-11.09,2.1512,1.788,0.073815,1.0,False,False,False,econ_strong_stat_weak,0.65,3.0,1.5,0.4,0.35
"{'weight_cap': 0.55, 'k_atr': 3.0, 'turb_zscore_thr': 1.5, 'turb_scale_min': 0.4, 'vol_target_ann': 0.35}",1,0.8337383697526134,1.2632,23.788,-11.09,2.1449,1.784,0.074493,1.0,False,False,False,econ_strong_stat_weak,0.55,3.0,1.5,0.4,0.35
"{'weight_cap': 0.65, 'k_atr': 3.0, 'turb_zscore_thr': 1.5, 'turb_scale_min': 0.25, 'vol_target_ann': 0.25}",1,0.8226304618314086,1.223,21.643,-9.338,2.3176,1.727,0.084152,1.0,False,False,False,econ_strong_stat_weak,0.65,3.0,1.5,0.25,0.25
"{'weight_cap': 0.55, 'k_atr': 3.0, 'turb_zscore_thr': 1.5, 'turb_scale_min': 0.25, 'vol_target_ann': 0.25}",1,0.8190745278566521,1.2199,21.575,-9.338,2.3103,1.723,0.084947,1.0,False,False,False,econ_strong_stat_weak,0.55,3.0,1.5,0.25,0.25
"{'weight_cap': 0.65, 'k_atr': 3.0, 'turb_zscore_thr': 1.5, 'turb_scale_min': 0.4, 'vol_target_ann': 0.3}",1,0.8086676664227758,1.2478,23.002,-11.09,2.074,1.762,0.078086,1.0,False,False,False,econ_strong_stat_weak,0.65,3.0,1.5,0.4,0.3
"{'weight_cap': 0.55, 'k_atr': 3.0, 'turb_zscore_thr': 1.5, 'turb_scale_min': 0.4, 'vol_target_ann': 0.3}",1,0.805340544365925,1.2447,22.933,-11.09,2.0678,1.758,0.078809,1.0,False,False,False,econ_strong_stat_weak,0.55,3.0,1.5,0.4,0.3
"{'weight_cap': 0.65, 'k_atr': 3.0, 'turb_zscore_thr': 1.5, 'turb_scale_min': 0.4, 'vol_target_ann': 0.25}",1,0.7793988694465458,1.228,22.049,-11.09,1.9881,1.734,0.082919,1.0,False,False,False,econ_strong_stat_weak,0.65,3.0,1.5,0.4,0.25
"{'weight_cap': 0.55, 'k_atr': 3.0, 'turb_zscore_thr': 1.5, 'turb_scale_min': 0.4, 'vol_target_ann': 0.25}",1,0.7760360308974538,1.2249,21.98,-11.09,1.9819,1.73,0.083695,1.0,False,False,False,econ_strong_stat_weak,0.55,3.0,1.5,0.4,0.25
"{'weight_cap': 0.65, 'k_atr': 2.5, 'turb_zscore_thr': 1.0, 'turb_scale_min': 0.25, 'vol_target_ann': 0.35}",1,0.7717551979396744,1.1141,18.851,-7.318,2.5759,1.574,0.11558,1.0,False,False,False,econ_strong_stat_weak,0.65,2.5,1.0,0.25,0.35
"{'weight_cap': 0.55, 'k_atr': 2.5, 'turb_zscore_thr': 1.0, 'turb_scale_min': 0.25, 'vol_target_ann': 0.35}",1,0.7687942116003201,1.1115,18.801,-7.318,2.569,1.57,0.116406,1.0,False,False,False,econ_strong_stat_weak,0.55,2.5,1.0,0.25,0.35
"{'weight_cap': 0.65, 'k_atr': 2.5, 'turb_zscore_thr': 1.0, 'turb_scale_min': 0.25, 'vol_target_ann': 0.3}",1,0.7471555026811141,1.0994,18.246,-7.318,2.4933,1.553,0.120439,1.0,False,False,False,econ_strong_stat_weak,0.65,2.5,1.0,0.25,0.3
"{'weight_cap': 0.55, 'k_atr': 2.5, 'turb_zscore_thr': 1.0, 'turb_scale_min': 0.25, 'vol_target_ann': 0.3}",1,0.7441695855705506,1.0968,18.196,-7.318,2.4864,1.549,0.121308,1.0,False,False,False,econ_strong_stat_weak,0.55,2.5,1.0,0.25,0.3
"{'weight_cap': 0.65, 'k_atr': 2.5, 'turb_zscore_thr': 1.0, 'turb_scale_min': 0.25, 'vol_target_ann': 0.25}",1,0.71340496393256,1.078,17.356,-7.318,2.3717,1.523,0.127828,1.0,False,False,False,econ_strong_stat_weak,0.65,2.5,1.0,0.25,0.25
"{'weight_cap': 0.65, 'k_atr': 2.5, 'turb_zscore_thr': 1.0, 'turb_scale_min': 0.4, 'vol_target_ann': 0.35}",1,0.711070092606311,1.1091,19.055,-8.759,2.1755,1.567,0.117209,1.0,False,False,False,econ_strong_stat_weak,0.65,2.5,1.0,0.4,0.35
"{'weight_cap': 0.55, 'k_atr': 2.5, 'turb_zscore_thr': 1.0, 'turb_scale_min': 0.25, 'vol_target_ann': 0.25}",1,0.7103770025909693,1.0753,17.307,-7.318,2.3649,1.519,0.128763,1.0,False,False,False,econ_strong_stat_weak,0.55,2.5,1.0,0.25,0.25
"{'weight_cap': 0.55, 'k_atr': 2.5, 'turb_zscore_thr': 1.0, 'turb_scale_min': 0.4, 'vol_target_ann': 0.35}",1,0.708299346898857,1.1066,19.005,-8.759,2.1698,1.563,0.118031,1.0,False,False,False,econ_strong_stat_weak,0.55,2.5,1.0,0.4,0.35
"{'weight_cap': 0.65, 'k_atr': 2.5, 'turb_zscore_thr': 1.0, 'turb_scale_min': 0.4, 'vol_target_ann': 0.3}",1,0.6882764635571538,1.0943,18.449,-8.759,2.1064,1.546,0.122172,1.0,False,False,False,econ_strong_stat_weak,0.65,2.5,1.0,0.4,0.3
"{'weight_cap': 0.55, 'k_atr': 2.5, 'turb_zscore_thr': 1.0, 'turb_scale_min': 0.4, 'vol_target_ann': 0.3}",1,0.6854816719850213,1.0918,18.399,-8.759,2.1007,1.542,0.123036,1.0,False,False,False,econ_strong_stat_weak,0.55,2.5,1.0,0.4,0.3
"{'weight_cap': 0.65, 'k_atr': 2.5, 'turb_zscore_thr': 1.5, 'turb_scale_min': 0.25, 'vol_target_ann': 0.35}",1,0.6655190266240607,1.0471,18.192,-8.273,2.1988,1.479,0.139099,1.0,False,False,False,econ_strong_stat_weak,0.65,2.5,1.5,0.25,0.35
"{'weight_cap': 0.55, 'k_atr': 2.5, 'turb_zscore_thr': 1.5, 'turb_scale_min': 0.25, 'vol_target_ann': 0.35}",1,0.6626067372825679,1.0445,18.139,-8.273,2.1925,1.476,0.140064,1.0,False,False,False,econ_strong_stat_weak,0.55,2.5,1.5,0.25,0.35
"{'weight_cap': 0.65, 'k_atr': 2.5, 'turb_zscore_thr': 1.0, 'turb_scale_min': 0.4, 'vol_target_ann': 0.25}",1,0.6570264548475009,1.0726,17.558,-8.759,2.0046,1.515,0.12974,1.0,False,False,False,econ_strong_stat_weak,0.65,2.5,1.0,0.4,0.25
"{'weight_cap': 0.55, 'k_atr': 2.5, 'turb_zscore_thr': 1.0, 'turb_scale_min': 0.4, 'vol_target_ann': 0.25}",1,0.6541912670447625,1.07,17.508,-8.759,1.9989,1.511,0.130669,1.0,False,False,False,econ_strong_stat_weak,0.55,2.5,1.0,0.4,0.25
"{'weight_cap': 0.65, 'k_atr': 2.5, 'turb_zscore_thr': 1.5, 'turb_scale_min': 0.4, 'vol_target_ann': 0.35}",1,0.642532011362946,1.0612,18.689,-9.554,1.9561,1.499,0.133842,1.0,False,False,False,econ_strong_stat_weak,0.65,2.5,1.5,0.4,0.35
"{'weight_cap': 0.55, 'k_atr': 2.5, 'turb_zscore_thr': 1.5, 'turb_scale_min': 0.4, 'vol_target_ann': 0.35}",1,0.6397572108866133,1.0587,18.636,-9.554,1.9506,1.496,0.134768,1.0,False,False,False,econ_strong_stat_weak,0.55,2.5,1.5,0.4,0.35
"{'weight_cap': 0.65, 'k_atr': 2.5, 'turb_zscore_thr': 1.5, 'turb_scale_min': 0.25, 'vol_target_ann': 0.3}",1,0.6346254872859762,1.0265,17.433,-8.273,2.1072,1.45,0.14699,1.0,False,False,False,econ_strong_stat_weak,0.65,2.5,1.5,0.25,0.3
"{'weight_cap': 0.55, 'k_atr': 2.5, 'turb_zscore_thr': 1.5, 'turb_scale_min': 0.25, 'vol_target_ann': 0.3}",1,0.6316854225670467,1.0239,17.381,-8.273,2.1009,1.447,0.148018,1.0,False,False,False,econ_strong_stat_weak,0.55,2.5,1.5,0.25,0.3
"{'weight_cap': 0.65, 'k_atr': 2.5, 'turb_zscore_thr': 1.5, 'turb_scale_min': 0.4, 'vol_target_ann': 0.3}",1,0.6135240887431473,1.041,17.927,-9.554,1.8765,1.471,0.141399,1.0,False,False,False,econ_strong_stat_weak,0.65,2.5,1.5,0.4,0.3
"{'weight_cap': 0.55, 'k_atr': 2.5, 'turb_zscore_thr': 1.5, 'turb_scale_min': 0.4, 'vol_target_ann': 0.3}",1,0.6107220738311454,1.0384,17.875,-9.554,1.871,1.467,0.142385,1.0,False,False,False,econ_strong_stat_weak,0.55,2.5,1.5,0.4,0.3
"{'weight_cap': 0.65, 'k_atr': 2.5, 'turb_zscore_thr': 1.5, 'turb_scale_min': 0.25, 'vol_target_ann': 0.25}",1,0.6007254198051172,1.003,16.55,-8.273,2.0004,1.417,0.15647,1.0,False,False,False,econ_strong_stat_weak,0.65,2.5,1.5,0.25,0.25
"{'weight_cap': 0.55, 'k_atr': 2.5, 'turb_zscore_thr': 1.5, 'turb_scale_min': 0.25, 'vol_target_ann': 0.25}",1,0.5977477583216302,1.0003,16.498,-8.273,1.9941,1.413,0.157575,1.0,False,False,False,econ_strong_stat_weak,0.55,2.5,1.5,0.25,0.25
"{'weight_cap': 0.65, 'k_atr': 2.5, 'turb_zscore_thr': 1.5, 'turb_scale_min': 0.4, 'vol_target_ann': 0.25}",1,0.5818044325156961,1.0178,17.04,-9.554,1.7835,1.438,0.15047,1.0,False,False,False,econ_strong_stat_weak,0.65,2.5,1.5,0.4,0.25
"{'weight_cap': 0.55, 'k_atr': 2.5, 'turb_zscore_thr': 1.5, 'turb_scale_min': 0.4, 'vol_target_ann': 0.25}",1,0.5789656425347333,1.0151,16.987,-9.554,1.7781,1.434,0.15153,1.0,False,False,False,econ_strong_stat_weak,0.55,2.5,1.5,0.4,0.25
"{'weight_cap': 0.65, 'k_atr': 2.0, 'turb_zscore_thr': 1.0, 'turb_scale_min': 0.25, 'vol_target_ann': 0.3}",1,0.16540789350579888,0.7122,8.522,-8.161,1.0443,1.007,0.31407,1.0,False,False,False,econ_strong_stat_weak,0.65,2.0,1.0,0.25,0.3
"{'weight_cap': 0.65, 'k_atr': 2.0, 'turb_zscore_thr': 1.0, 'turb_scale_min': 0.25, 'vol_target_ann': 0.35}",1,0.16540789350579888,0.7122,8.522,-8.161,1.0443,1.007,0.31407,1.0,False,False,False,econ_strong_stat_weak,0.65,2.0,1.0,0.25,0.35
"{'weight_cap': 0.65, 'k_atr': 2.0, 'turb_zscore_thr': 1.0, 'turb_scale_min': 0.25, 'vol_target_ann': 0.25}",1,0.16540789350579888,0.7122,8.522,-8.161,1.0443,1.007,0.31407,1.0,False,False,False,econ_strong_stat_weak,0.65,2.0,1.0,0.25,0.25
"{'weight_cap': 0.55, 'k_atr': 2.0, 'turb_zscore_thr': 1.0, 'turb_scale_min': 0.25, 'vol_target_ann': 0.25}",1,0.16253886759684477,0.709,8.477,-8.161,1.0388,1.002,0.316257,1.0,False,False,False,econ_strong_stat_weak,0.55,2.0,1.0,0.25,0.25
"{'weight_cap': 0.55, 'k_atr': 2.0, 'turb_zscore_thr': 1.0, 'turb_scale_min': 0.25, 'vol_target_ann': 0.3}",1,0.16253886759684477,0.709,8.477,-8.161,1.0388,1.002,0.316257,1.0,False,False,False,econ_strong_stat_weak,0.55,2.0,1.0,0.25,0.3
"{'weight_cap': 0.55, 'k_atr': 2.0, 'turb_zscore_thr': 1.0, 'turb_scale_min': 0.25, 'vol_target_ann': 0.35}",1,0.16253886759684477,0.709,8.477,-8.161,1.0388,1.002,0.316257,1.0,False,False,False,econ_strong_stat_weak,0.55,2.0,1.0,0.25,0.35
"{'weight_cap': 0.65, 'k_atr': 2.0, 'turb_zscore_thr': 1.0, 'turb_scale_min': 0.4, 'vol_target_ann': 0.25}",1,0.14423511119632004,0.7054,8.625,-9.497,0.9082,0.997,0.318702,1.0,False,False,False,econ_strong_stat_weak,0.65,2.0,1.0,0.4,0.25
"{'weight_cap': 0.65, 'k_atr': 2.0, 'turb_zscore_thr': 1.0, 'turb_scale_min': 0.4, 'vol_target_ann': 0.3}",1,0.14423511119632004,0.7054,8.625,-9.497,0.9082,0.997,0.318702,1.0,False,False,False,econ_strong_stat_weak,0.65,2.0,1.0,0.4,0.3
"{'weight_cap': 0.65, 'k_atr': 2.0, 'turb_zscore_thr': 1.0, 'turb_scale_min': 0.4, 'vol_target_ann': 0.35}",1,0.14423511119632004,0.7054,8.625,-9.497,0.9082,0.997,0.318702,1.0,False,False,False,econ_strong_stat_weak,0.65,2.0,1.0,0.4,0.35
"{'weight_cap': 0.55, 'k_atr': 2.0, 'turb_zscore_thr': 1.0, 'turb_scale_min': 0.4, 'vol_target_ann': 0.25}",1,0.14151124786079325,0.7023,8.58,-9.497,0.9035,0.993,0.320859,1.0,False,False,False,econ_strong_stat_weak,0.55,2.0,1.0,0.4,0.25
"{'weight_cap': 0.55, 'k_atr': 2.0, 'turb_zscore_thr': 1.0, 'turb_scale_min': 0.4, 'vol_target_ann': 0.35}",1,0.14151124786079325,0.7023,8.58,-9.497,0.9035,0.993,0.320859,1.0,False,False,False,econ_strong_stat_weak,0.55,2.0,1.0,0.4,0.35
"{'weight_cap': 0.55, 'k_atr': 2.0, 'turb_zscore_thr': 1.0, 'turb_scale_min': 0.4, 'vol_target_ann': 0.3}",1,0.14151124786079325,0.7023,8.58,-9.497,0.9035,0.993,0.320859,1.0,False,False,False,econ_strong_stat_weak,0.55,2.0,1.0,0.4,0.3
"{'weight_cap': 0.65, 'k_atr': 2.0, 'turb_zscore_thr': 1.5, 'turb_scale_min': 0.25, 'vol_target_ann': 0.35}",1,0.10666131787202263,0.6502,7.964,-8.828,0.9021,0.919,0.358019,1.0,False,False,False,econ_strong_stat_weak,0.65,2.0,1.5,0.25,0.35
"{'weight_cap': 0.65, 'k_atr': 2.0, 'turb_zscore_thr': 1.5, 'turb_scale_min': 0.25, 'vol_target_ann': 0.3}",1,0.10666131787202263,0.6502,7.964,-8.828,0.9021,0.919,0.358019,1.0,False,False,False,econ_strong_stat_weak,0.65,2.0,1.5,0.25,0.3
"{'weight_cap': 0.65, 'k_atr': 2.0, 'turb_zscore_thr': 1.5, 'turb_scale_min': 0.25, 'vol_target_ann': 0.25}",1,0.10666131787202263,0.6502,7.964,-8.828,0.9021,0.919,0.358019,1.0,False,False,False,econ_strong_stat_weak,0.65,2.0,1.5,0.25,0.25
"{'weight_cap': 0.55, 'k_atr': 2.0, 'turb_zscore_thr': 1.5, 'turb_scale_min': 0.25, 'vol_target_ann': 0.25}",1,0.10256115481786865,0.647,7.917,-8.909,0.8887,0.915,0.360424,1.0,False,False,False,econ_strong_stat_weak,0.55,2.0,1.5,0.25,0.25
"{'weight_cap': 0.55, 'k_atr': 2.0, 'turb_zscore_thr': 1.5, 'turb_scale_min': 0.25, 'vol_target_ann': 0.3}",1,0.10256115481786865,0.647,7.917,-8.909,0.8887,0.915,0.360424,1.0,False,False,False,econ_strong_stat_weak,0.55,2.0,1.5,0.25,0.3
"{'weight_cap': 0.55, 'k_atr': 2.0, 'turb_zscore_thr': 1.5, 'turb_scale_min': 0.25, 'vol_target_ann': 0.35}",1,0.10256115481786865,0.647,7.917,-8.909,0.8887,0.915,0.360424,1.0,False,False,False,econ_strong_stat_weak,0.55,2.0,1.5,0.25,0.35
"{'weight_cap': 0.65, 'k_atr': 2.0, 'turb_zscore_thr': 1.5, 'turb_scale_min': 0.4, 'vol_target_ann': 0.35}",1,0.09669800806770232,0.6529,8.14,-10.08,0.8075,0.923,0.356056,1.0,False,False,False,econ_strong_stat_weak,0.65,2.0,1.5,0.4,0.35
"{'weight_cap': 0.65, 'k_atr': 2.0, 'turb_zscore_thr': 1.5, 'turb_scale_min': 0.4, 'vol_target_ann': 0.3}",1,0.09669800806770232,0.6529,8.14,-10.08,0.8075,0.923,0.356056,1.0,False,False,False,econ_strong_stat_weak,0.65,2.0,1.5,0.4,0.3
"{'weight_cap': 0.65, 'k_atr': 2.0, 'turb_zscore_thr': 1.5, 'turb_scale_min': 0.4, 'vol_target_ann': 0.25}",1,0.09669800806770232,0.6529,8.14,-10.08,0.8075,0.923,0.356056,1.0,False,False,False,econ_strong_stat_weak,0.65,2.0,1.5,0.4,0.25
"{'weight_cap': 0.55, 'k_atr': 2.0, 'turb_zscore_thr': 1.5, 'turb_scale_min': 0.4, 'vol_target_ann': 0.35}",1,0.09393787541590057,0.6497,8.093,-10.08,0.8029,0.918,0.358409,1.0,False,False,False,econ_strong_stat_weak,0.55,2.0,1.5,0.4,0.35
"{'weight_cap': 0.55, 'k_atr': 2.0, 'turb_zscore_thr': 1.5, 'turb_scale_min': 0.4, 'vol_target_ann': 0.25}",1,0.09393787541590057,0.6497,8.093,-10.08,0.8029,0.918,0.358409,1.0,False,False,False,econ_strong_stat_weak,0.55,2.0,1.5,0.4,0.25
"{'weight_cap': 0.55, 'k_atr': 2.0, 'turb_zscore_thr': 1.5, 'turb_scale_min': 0.4, 'vol_target_ann': 0.3}",1,0.09393787541590057,0.6497,8.093,-10.08,0.8029,0.918,0.358409,1.0,False,False,False,econ_strong_stat_weak,0.55,2.0,1.5,0.4,0.3
"{'weight_cap': 0.55, 'k_atr': 3.0, 'turb_zscore_thr': 1.0, 'turb_scale_min': 0.25, 'vol_target_ann': 0.35}",2,0.47602302924146767,1.2648,22.717,-11.67,1.9467,1.782,0.074691,1.0,False,False,False,econ_strong_stat_weak,0.55,3.0,1.0,0.25,0.35
"{'weight_cap': 0.55, 'k_atr': 3.0, 'turb_zscore_thr': 1.5, 'turb_scale_min': 0.25, 'vol_target_ann': 0.35}",2,0.4739302659802221,1.243,23.43,-11.948,1.961,1.752,0.07982,1.0,False,False,False,econ_strong_stat_weak,0.55,3.0,1.5,0.25,0.35
"{'weight_cap': 0.65, 'k_atr': 3.0, 'turb_zscore_thr': 1.0, 'turb_scale_min': 0.25, 'vol_target_ann': 0.35}",2,0.4700024153318031,1.259,22.582,-11.67,1.9351,1.774,0.076042,1.0,False,False,False,econ_strong_stat_weak,0.65,3.0,1.0,0.25,0.35
"{'weight_cap': 0.55, 'k_atr': 3.0, 'turb_zscore_thr': 1.5, 'turb_scale_min': 0.25, 'vol_target_ann': 0.3}",2,0.4688069743478569,1.2425,22.995,-11.709,1.9639,1.751,0.079951,1.0,False,False,False,econ_strong_stat_weak,0.55,3.0,1.5,0.25,0.3
"{'weight_cap': 0.55, 'k_atr': 3.0, 'turb_zscore_thr': 1.0, 'turb_scale_min': 0.25, 'vol_target_ann': 0.3}",2,0.4663032230698311,1.2638,22.352,-11.67,1.9154,1.781,0.074921,1.0,False,False,False,econ_strong_stat_weak,0.55,3.0,1.0,0.25,0.3
"{'weight_cap': 0.65, 'k_atr': 3.0, 'turb_zscore_thr': 1.5, 'turb_scale_min': 0.25, 'vol_target_ann': 0.35}",2,0.46549593158288416,1.2367,23.278,-12.021,1.9364,1.743,0.081362,1.0,False,False,False,econ_strong_stat_weak,0.65,3.0,1.5,0.25,0.35
"{'weight_cap': 0.65, 'k_atr': 3.0, 'turb_zscore_thr': 1.5, 'turb_scale_min': 0.25, 'vol_target_ann': 0.3}",2,0.4620051714800748,1.236,22.842,-11.709,1.9508,1.742,0.081532,1.0,False,False,False,econ_strong_stat_weak,0.65,3.0,1.5,0.25,0.3
"{'weight_cap': 0.65, 'k_atr': 3.0, 'turb_zscore_thr': 1.0, 'turb_scale_min': 0.25, 'vol_target_ann': 0.3}",2,0.4601446329132821,1.2578,22.216,-11.67,1.9037,1.772,0.076314,1.0,False,False,False,econ_strong_stat_weak,0.65,3.0,1.0,0.25,0.3
"{'weight_cap': 0.55, 'k_atr': 3.0, 'turb_zscore_thr': 1.5, 'turb_scale_min': 0.4, 'vol_target_ann': 0.35}",2,0.45152962875268865,1.2143,23.053,-11.948,1.9295,1.711,0.087004,1.0,False,False,False,econ_strong_stat_weak,0.55,3.0,1.5,0.4,0.35
"{'weight_cap': 0.55, 'k_atr': 3.0, 'turb_zscore_thr': 1.5, 'turb_scale_min': 0.4, 'vol_target_ann': 0.3}",2,0.4459707165758984,1.213,22.619,-11.709,1.9318,1.71,0.08734,1.0,False,False,False,econ_strong_stat_weak,0.55,3.0,1.5,0.4,0.3
"{'weight_cap': 0.65, 'k_atr': 3.0, 'turb_zscore_thr': 1.5, 'turb_scale_min': 0.4, 'vol_target_ann': 0.35}",2,0.4431593664458838,1.2081,22.902,-12.021,1.9051,1.703,0.088642,1.0,False,False,False,econ_strong_stat_weak,0.65,3.0,1.5,0.4,0.35
"{'weight_cap': 0.55, 'k_atr': 3.0, 'turb_zscore_thr': 1.0, 'turb_scale_min': 0.4, 'vol_target_ann': 0.35}",2,0.44153972570314926,1.2225,22.122,-11.67,1.8957,1.723,0.084915,1.0,False,False,False,econ_strong_stat_weak,0.55,3.0,1.0,0.4,0.35
"{'weight_cap': 0.65, 'k_atr': 3.0, 'turb_zscore_thr': 1.5, 'turb_scale_min': 0.4, 'vol_target_ann': 0.3}",2,0.43920548564690165,1.2066,22.466,-11.709,1.9188,1.701,0.089024,1.0,False,False,False,econ_strong_stat_weak,0.65,3.0,1.5,0.4,0.3
"{'weight_cap': 0.65, 'k_atr': 3.0, 'turb_zscore_thr': 1.0, 'turb_scale_min': 0.4, 'vol_target_ann': 0.35}",2,0.43555648304715144,1.2167,21.989,-11.67,1.8843,1.715,0.0864,1.0,False,False,False,econ_strong_stat_weak,0.65,3.0,1.0,0.4,0.35
"{'weight_cap': 0.55, 'k_atr': 3.0, 'turb_zscore_thr': 1.0, 'turb_scale_min': 0.4, 'vol_target_ann': 0.3}",2,0.43144355497429043,1.2206,21.76,-11.67,1.8646,1.72,0.085389,1.0,False,False,False,econ_strong_stat_weak,0.55,3.0,1.0,0.4,0.3
"{'weight_cap': 0.65, 'k_atr': 3.0, 'turb_zscore_thr': 1.0, 'turb_scale_min': 0.4, 'vol_target_ann': 0.3}",2,0.42532364414780044,1.2146,21.624,-11.67,1.853,1.712,0.086923,1.0,False,False,False,econ_strong_stat_weak,0.65,3.0,1.0,0.4,0.3
"{'weight_cap': 0.55, 'k_atr': 3.0, 'turb_zscore_thr': 1.0, 'turb_scale_min': 0.25, 'vol_target_ann': 0.25}",2,0.42475372667168776,1.2436,20.963,-11.67,1.7963,1.753,0.079682,1.0,False,False,False,econ_strong_stat_weak,0.55,3.0,1.0,0.25,0.25
"{'weight_cap': 0.65, 'k_atr': 3.0, 'turb_zscore_thr': 1.0, 'turb_scale_min': 0.25, 'vol_target_ann': 0.25}",2,0.4184396904459375,1.2373,20.826,-11.67,1.7847,1.744,0.081221,1.0,False,False,False,econ_strong_stat_weak,0.65,3.0,1.0,0.25,0.25
"{'weight_cap': 0.55, 'k_atr': 3.0, 'turb_zscore_thr': 1.5, 'turb_scale_min': 0.25, 'vol_target_ann': 0.25}",2,0.4177988348637621,1.2142,21.394,-11.709,1.8272,1.711,0.087037,1.0,False,False,False,econ_strong_stat_weak,0.55,3.0,1.5,0.25,0.25
"{'weight_cap': 0.65, 'k_atr': 3.0, 'turb_zscore_thr': 1.5, 'turb_scale_min': 0.25, 'vol_target_ann': 0.25}",2,0.41084131794762,1.2074,21.242,-11.709,1.8142,1.702,0.088823,1.0,False,False,False,econ_strong_stat_weak,0.65,3.0,1.5,0.25,0.25
"{'weight_cap': 0.55, 'k_atr': 3.0, 'turb_zscore_thr': 1.5, 'turb_scale_min': 0.4, 'vol_target_ann': 0.25}",2,0.39420548017878226,1.1832,21.023,-11.709,1.7955,1.668,0.095395,1.0,False,False,False,econ_strong_stat_weak,0.55,3.0,1.5,0.4,0.25
"{'weight_cap': 0.55, 'k_atr': 3.0, 'turb_zscore_thr': 1.0, 'turb_scale_min': 0.4, 'vol_target_ann': 0.25}",2,0.3887303926114142,1.198,20.377,-11.67,1.7461,1.688,0.091326,1.0,False,False,False,econ_strong_stat_weak,0.55,3.0,1.0,0.4,0.25
"{'weight_cap': 0.65, 'k_atr': 3.0, 'turb_zscore_thr': 1.5, 'turb_scale_min': 0.4, 'vol_target_ann': 0.25}",2,0.38728920530379707,1.1764,20.872,-11.709,1.7826,1.658,0.097298,1.0,False,False,False,econ_strong_stat_weak,0.65,3.0,1.5,0.4,0.25
"{'weight_cap': 0.65, 'k_atr': 3.0, 'turb_zscore_thr': 1.0, 'turb_scale_min': 0.4, 'vol_target_ann': 0.25}",2,0.3824587195112875,1.1917,20.241,-11.67,1.7345,1.68,0.093027,1.0,False,False,False,econ_strong_stat_weak,0.65,3.0,1.0,0.4,0.25
"{'weight_cap': 0.55, 'k_atr': 2.5, 'turb_zscore_thr': 1.0, 'turb_scale_min': 0.25, 'vol_target_ann': 0.35}",2,0.16079387195725942,1.0177,15.496,-12.046,1.2864,1.435,0.151301,1.0,False,False,False,econ_strong_stat_weak,0.55,2.5,1.0,0.25,0.35
"{'weight_cap': 0.65, 'k_atr': 2.5, 'turb_zscore_thr': 1.0, 'turb_scale_min': 0.25, 'vol_target_ann': 0.35}",2,0.1513301133982256,1.0094,15.342,-12.169,1.2607,1.423,0.154666,1.0,False,False,False,econ_strong_stat_weak,0.65,2.5,1.0,0.25,0.35
"{'weight_cap': 0.55, 'k_atr': 2.5, 'turb_zscore_thr': 1.0, 'turb_scale_min': 0.25, 'vol_target_ann': 0.25}",2,0.1482370114082932,1.0058,15.024,-11.719,1.2821,1.418,0.156154,1.0,False,False,False,econ_strong_stat_weak,0.55,2.5,1.0,0.25,0.25
"{'weight_cap': 0.55, 'k_atr': 2.5, 'turb_zscore_thr': 1.0, 'turb_scale_min': 0.25, 'vol_target_ann': 0.3}",2,0.1458900195901745,1.005,15.153,-12.046,1.258,1.417,0.156472,1.0,False,False,False,econ_strong_stat_weak,0.55,2.5,1.0,0.25,0.3
"{'weight_cap': 0.55, 'k_atr': 2.5, 'turb_zscore_thr': 1.5, 'turb_scale_min': 0.25, 'vol_target_ann': 0.35}",2,0.1422146705375395,0.993,15.949,-13.194,1.2088,1.4,0.161477,1.0,False,False,False,econ_strong_stat_weak,0.55,2.5,1.5,0.25,0.35
"{'weight_cap': 0.65, 'k_atr': 2.5, 'turb_zscore_thr': 1.0, 'turb_scale_min': 0.25, 'vol_target_ann': 0.25}",2,0.13872240661576257,0.9974,14.872,-11.841,1.256,1.406,0.159625,1.0,False,False,False,econ_strong_stat_weak,0.65,2.5,1.0,0.25,0.25
"{'weight_cap': 0.65, 'k_atr': 2.5, 'turb_zscore_thr': 1.0, 'turb_scale_min': 0.25, 'vol_target_ann': 0.3}",2,0.1364535213283227,0.9966,15.0,-12.169,1.2326,1.405,0.159952,1.0,False,False,False,econ_strong_stat_weak,0.65,2.5,1.0,0.25,0.3
"{'weight_cap': 0.55, 'k_atr': 2.5, 'turb_zscore_thr': 1.5, 'turb_scale_min': 0.25, 'vol_target_ann': 0.25}",2,0.13389693157698665,0.9849,15.505,-12.742,1.2169,1.389,0.164912,1.0,False,False,False,econ_strong_stat_weak,0.55,2.5,1.5,0.25,0.25
"{'weight_cap': 0.65, 'k_atr': 2.5, 'turb_zscore_thr': 1.5, 'turb_scale_min': 0.25, 'vol_target_ann': 0.35}",2,0.1322564184757285,0.9842,15.78,-13.345,1.1825,1.388,0.165193,1.0,False,False,False,econ_strong_stat_weak,0.65,2.5,1.5,0.25,0.35
"{'weight_cap': 0.55, 'k_atr': 2.5, 'turb_zscore_thr': 1.5, 'turb_scale_min': 0.25, 'vol_target_ann': 0.3}",2,0.12812445137526,0.9807,15.612,-13.194,1.1832,1.383,0.166698,1.0,False,False,False,econ_strong_stat_weak,0.55,2.5,1.5,0.25,0.3
"{'weight_cap': 0.55, 'k_atr': 2.5, 'turb_zscore_thr': 1.0, 'turb_scale_min': 0.4, 'vol_target_ann': 0.35}",2,0.12456157091947839,0.9712,14.879,-12.046,1.2352,1.369,0.170859,1.0,False,False,False,econ_strong_stat_weak,0.55,2.5,1.0,0.4,0.35
"{'weight_cap': 0.65, 'k_atr': 2.5, 'turb_zscore_thr': 1.5, 'turb_scale_min': 0.25, 'vol_target_ann': 0.25}",2,0.12392813055494302,0.9761,15.339,-12.889,1.1901,1.376,0.168688,1.0,False,False,False,econ_strong_stat_weak,0.65,2.5,1.5,0.25,0.25
"{'weight_cap': 0.55, 'k_atr': 2.5, 'turb_zscore_thr': 1.5, 'turb_scale_min': 0.4, 'vol_target_ann': 0.35}",2,0.11855185923631154,0.9618,15.538,-13.194,1.1776,1.356,0.17501,1.0,False,False,False,econ_strong_stat_weak,0.55,2.5,1.5,0.4,0.35
"{'weight_cap': 0.65, 'k_atr': 2.5, 'turb_zscore_thr': 1.5, 'turb_scale_min': 0.25, 'vol_target_ann': 0.3}",2,0.11819597335838107,0.9719,15.442,-13.345,1.1572,1.37,0.170532,1.0,False,False,False,econ_strong_stat_weak,0.65,2.5,1.5,0.25,0.3
"{'weight_cap': 0.65, 'k_atr': 2.5, 'turb_zscore_thr': 1.0, 'turb_scale_min': 0.4, 'vol_target_ann': 0.35}",2,0.11523448943881576,0.963,14.726,-12.169,1.2101,1.358,0.174507,1.0,False,False,False,econ_strong_stat_weak,0.65,2.5,1.0,0.4,0.35
"{'weight_cap': 0.55, 'k_atr': 2.5, 'turb_zscore_thr': 1.0, 'turb_scale_min': 0.4, 'vol_target_ann': 0.25}",2,0.11147273308866046,0.9584,14.41,-11.719,1.2296,1.351,0.17657,1.0,False,False,False,econ_strong_stat_weak,0.55,2.5,1.0,0.4,0.25
"{'weight_cap': 0.55, 'k_atr': 2.5, 'turb_zscore_thr': 1.5, 'turb_scale_min': 0.4, 'vol_target_ann': 0.25}",2,0.10977992408867498,0.953,15.095,-12.742,1.1847,1.344,0.178981,1.0,False,False,False,econ_strong_stat_weak,0.55,2.5,1.5,0.4,0.25
"{'weight_cap': 0.55, 'k_atr': 2.5, 'turb_zscore_thr': 1.0, 'turb_scale_min': 0.4, 'vol_target_ann': 0.3}",2,0.10960466448143363,0.9582,14.538,-12.046,1.2069,1.351,0.176654,1.0,False,False,False,econ_strong_stat_weak,0.55,2.5,1.0,0.4,0.3
"{'weight_cap': 0.65, 'k_atr': 2.5, 'turb_zscore_thr': 1.5, 'turb_scale_min': 0.4, 'vol_target_ann': 0.35}",2,0.10869834578542949,0.9532,15.369,-13.345,1.1517,1.344,0.178918,1.0,False,False,False,econ_strong_stat_weak,0.65,2.5,1.5,0.4,0.35
"{'weight_cap': 0.55, 'k_atr': 2.5, 'turb_zscore_thr': 1.5, 'turb_scale_min': 0.4, 'vol_target_ann': 0.3}",2,0.10443951706122001,0.9494,15.201,-13.194,1.1521,1.339,0.180624,1.0,False,False,False,econ_strong_stat_weak,0.55,2.5,1.5,0.4,0.3
"{'weight_cap': 0.65, 'k_atr': 2.5, 'turb_zscore_thr': 1.0, 'turb_scale_min': 0.4, 'vol_target_ann': 0.25}",2,0.10209879616706351,0.9501,14.259,-11.841,1.2042,1.34,0.180334,1.0,False,False,False,econ_strong_stat_weak,0.65,2.5,1.0,0.4,0.25
"{'weight_cap': 0.65, 'k_atr': 2.5, 'turb_zscore_thr': 1.0, 'turb_scale_min': 0.4, 'vol_target_ann': 0.3}",2,0.10030550350270963,0.9499,14.386,-12.169,1.1821,1.339,0.180423,1.0,False,False,False,econ_strong_stat_weak,0.65,2.5,1.0,0.4,0.3
"{'weight_cap': 0.65, 'k_atr': 2.5, 'turb_zscore_thr': 1.5, 'turb_scale_min': 0.4, 'vol_target_ann': 0.25}",2,0.09991878635590687,0.9444,14.929,-12.889,1.1583,1.332,0.182953,1.0,False,False,False,econ_strong_stat_weak,0.65,2.5,1.5,0.4,0.25
"{'weight_cap': 0.65, 'k_atr': 2.5, 'turb_zscore_thr': 1.5, 'turb_scale_min': 0.4, 'vol_target_ann': 0.3}",2,0.09461637837950958,0.9407,15.032,-13.345,1.1265,1.327,0.184653,1.0,False,False,False,econ_strong_stat_weak,0.65,2.5,1.5,0.4,0.3
"{'weight_cap': 0.55, 'k_atr': 2.0, 'turb_zscore_thr': 1.5, 'turb_scale_min': 0.4, 'vol_target_ann': 0.3}",2,-0.37687786763911024,0.4489,5.585,-20.704,0.2697,0.633,0.526457,1.0,False,False,False,econ_strong_stat_weak,0.55,2.0,1.5,0.4,0.3
"{'weight_cap': 0.55, 'k_atr': 2.0, 'turb_zscore_thr': 1.5, 'turb_scale_min': 0.4, 'vol_target_ann': 0.35}",2,-0.37687786763911024,0.4489,5.585,-20.704,0.2697,0.633,0.526457,1.0,False,False,False,econ_strong_stat_weak,0.55,2.0,1.5,0.4,0.35
"{'weight_cap': 0.55, 'k_atr': 2.0, 'turb_zscore_thr': 1.5, 'turb_scale_min': 0.4, 'vol_target_ann': 0.25}",2,-0.37687786763911024,0.4489,5.585,-20.704,0.2697,0.633,0.526457,1.0,False,False,False,econ_strong_stat_weak,0.55,2.0,1.5,0.4,0.25
"{'weight_cap': 0.55, 'k_atr': 2.0, 'turb_zscore_thr': 1.5, 'turb_scale_min': 0.25, 'vol_target_ann': 0.35}",2,-0.37703367804677557,0.4504,5.556,-20.704,0.2683,0.636,0.525058,1.0,False,False,False,econ_strong_stat_weak,0.55,2.0,1.5,0.25,0.35
"{'weight_cap': 0.55, 'k_atr': 2.0, 'turb_zscore_thr': 1.5, 'turb_scale_min': 0.25, 'vol_target_ann': 0.3}",2,-0.37703367804677557,0.4504,5.556,-20.704,0.2683,0.636,0.525058,1.0,False,False,False,econ_strong_stat_weak,0.55,2.0,1.5,0.25,0.3
"{'weight_cap': 0.55, 'k_atr': 2.0, 'turb_zscore_thr': 1.5, 'turb_scale_min': 0.25, 'vol_target_ann': 0.25}",2,-0.37703367804677557,0.4504,5.556,-20.704,0.2683,0.636,0.525058,1.0,False,False,False,econ_strong_stat_weak,0.55,2.0,1.5,0.25,0.25
"{'weight_cap': 0.55, 'k_atr': 2.0, 'turb_zscore_thr': 1.0, 'turb_scale_min': 0.25, 'vol_target_ann': 0.3}",2,-0.3803021742453214,0.4501,5.283,-19.435,0.2718,0.635,0.52529,1.0,False,False,False,econ_strong_stat_weak,0.55,2.0,1.0,0.25,0.3
"{'weight_cap': 0.55, 'k_atr': 2.0, 'turb_zscore_thr': 1.0, 'turb_scale_min': 0.25, 'vol_target_ann': 0.25}",2,-0.3803021742453214,0.4501,5.283,-19.435,0.2718,0.635,0.52529,1.0,False,False,False,econ_strong_stat_weak,0.55,2.0,1.0,0.25,0.25
"{'weight_cap': 0.55, 'k_atr': 2.0, 'turb_zscore_thr': 1.0, 'turb_scale_min': 0.25, 'vol_target_ann': 0.35}",2,-0.3803021742453214,0.4501,5.283,-19.435,0.2718,0.635,0.52529,1.0,False,False,False,econ_strong_stat_weak,0.55,2.0,1.0,0.25,0.35
"{'weight_cap': 0.65, 'k_atr': 2.0, 'turb_zscore_thr': 1.5, 'turb_scale_min': 0.4, 'vol_target_ann': 0.25}",2,-0.38275810195335247,0.4411,5.465,-20.773,0.2631,0.622,0.533659,1.0,False,False,False,econ_strong_stat_weak,0.65,2.0,1.5,0.4,0.25
"{'weight_cap': 0.65, 'k_atr': 2.0, 'turb_zscore_thr': 1.5, 'turb_scale_min': 0.4, 'vol_target_ann': 0.35}",2,-0.38275810195335247,0.4411,5.465,-20.773,0.2631,0.622,0.533659,1.0,False,False,False,econ_strong_stat_weak,0.65,2.0,1.5,0.4,0.35
"{'weight_cap': 0.65, 'k_atr': 2.0, 'turb_zscore_thr': 1.5, 'turb_scale_min': 0.4, 'vol_target_ann': 0.3}",2,-0.38275810195335247,0.4411,5.465,-20.773,0.2631,0.622,0.533659,1.0,False,False,False,econ_strong_stat_weak,0.65,2.0,1.5,0.4,0.3
"{'weight_cap': 0.65, 'k_atr': 2.0, 'turb_zscore_thr': 1.5, 'turb_scale_min': 0.25, 'vol_target_ann': 0.25}",2,-0.3829467965349043,0.4425,5.435,-20.773,0.2617,0.624,0.53233,1.0,False,False,False,econ_strong_stat_weak,0.65,2.0,1.5,0.25,0.25
"{'weight_cap': 0.65, 'k_atr': 2.0, 'turb_zscore_thr': 1.5, 'turb_scale_min': 0.25, 'vol_target_ann': 0.35}",2,-0.3829467965349043,0.4425,5.435,-20.773,0.2617,0.624,0.53233,1.0,False,False,False,econ_strong_stat_weak,0.65,2.0,1.5,0.25,0.35
"{'weight_cap': 0.65, 'k_atr': 2.0, 'turb_zscore_thr': 1.5, 'turb_scale_min': 0.25, 'vol_target_ann': 0.3}",2,-0.3829467965349043,0.4425,5.435,-20.773,0.2617,0.624,0.53233,1.0,False,False,False,econ_strong_stat_weak,0.65,2.0,1.5,0.25,0.3
"{'weight_cap': 0.65, 'k_atr': 2.0, 'turb_zscore_thr': 1.0, 'turb_scale_min': 0.25, 'vol_target_ann': 0.3}",2,-0.3859916625585807,0.4424,5.172,-19.488,0.2654,0.624,0.532404,1.0,False,False,False,econ_strong_stat_weak,0.65,2.0,1.0,0.25,0.3
"{'weight_cap': 0.65, 'k_atr': 2.0, 'turb_zscore_thr': 1.0, 'turb_scale_min': 0.25, 'vol_target_ann': 0.35}",2,-0.3859916625585807,0.4424,5.172,-19.488,0.2654,0.624,0.532404,1.0,False,False,False,econ_strong_stat_weak,0.65,2.0,1.0,0.25,0.35
"{'weight_cap': 0.65, 'k_atr': 2.0, 'turb_zscore_thr': 1.0, 'turb_scale_min': 0.25, 'vol_target_ann': 0.25}",2,-0.3859916625585807,0.4424,5.172,-19.488,0.2654,0.624,0.532404,1.0,False,False,False,econ_strong_stat_weak,0.65,2.0,1.0,0.25,0.25
"{'weight_cap': 0.55, 'k_atr': 2.0, 'turb_zscore_thr': 1.0, 'turb_scale_min': 0.4, 'vol_target_ann': 0.25}",2,-0.3882328004032069,0.4372,5.159,-19.435,0.2654,0.617,0.537296,1.0,False,False,False,econ_strong_stat_weak,0.55,2.0,1.0,0.4,0.25
"{'weight_cap': 0.55, 'k_atr': 2.0, 'turb_zscore_thr': 1.0, 'turb_scale_min': 0.4, 'vol_target_ann': 0.35}",2,-0.3882328004032069,0.4372,5.159,-19.435,0.2654,0.617,0.537296,1.0,False,False,False,econ_strong_stat_weak,0.55,2.0,1.0,0.4,0.35
"{'weight_cap': 0.55, 'k_atr': 2.0, 'turb_zscore_thr': 1.0, 'turb_scale_min': 0.4, 'vol_target_ann': 0.3}",2,-0.3882328004032069,0.4372,5.159,-19.435,0.2654,0.617,0.537296,1.0,False,False,False,econ_strong_stat_weak,0.55,2.0,1.0,0.4,0.3
"{'weight_cap': 0.65, 'k_atr': 2.0, 'turb_zscore_thr': 1.0, 'turb_scale_min': 0.4, 'vol_target_ann': 0.25}",2,-0.39387871991960177,0.4296,5.048,-19.488,0.259,0.606,0.544399,1.0,False,False,False,econ_strong_stat_weak,0.65,2.0,1.0,0.4,0.25
"{'weight_cap': 0.65, 'k_atr': 2.0, 'turb_zscore_thr': 1.0, 'turb_scale_min': 0.4, 'vol_target_ann': 0.3}",2,-0.39387871991960177,0.4296,5.048,-19.488,0.259,0.606,0.544399,1.0,False,False,False,econ_strong_stat_weak,0.65,2.0,1.0,0.4,0.3
"{'weight_cap': 0.65, 'k_atr': 2.0, 'turb_zscore_thr': 1.0, 'turb_scale_min': 0.4, 'vol_target_ann': 0.35}",2,-0.39387871991960177,0.4296,5.048,-19.488,0.259,0.606,0.544399,1.0,False,False,False,econ_strong_stat_weak,0.65,2.0,1.0,0.4,0.35
"{'weight_cap': 0.55, 'k_atr': 2.5, 'turb_zscore_thr': 1.5, 'turb_scale_min': 0.25, 'vol_target_ann': 0.25}",3,-0.03997519083480053,1.5069,28.328,-14.459,1.9592,2.128,0.033306,0.460037,False,False,False,econ_strong_stat_weak,0.55,2.5,1.5,0.25,0.25
"{'weight_cap': 0.65, 'k_atr': 2.5, 'turb_zscore_thr': 1.5, 'turb_scale_min': 0.25, 'vol_target_ann': 0.25}",3,-0.045750220834904695,1.4996,28.179,-14.453,1.9497,2.118,0.034166,0.460037,False,False,False,econ_strong_stat_weak,0.65,2.5,1.5,0.25,0.25
"{'weight_cap': 0.55, 'k_atr': 2.5, 'turb_zscore_thr': 1.5, 'turb_scale_min': 0.4, 'vol_target_ann': 0.25}",3,-0.051991408631140615,1.49,28.108,-14.459,1.9439,2.105,0.035324,0.460037,False,False,False,econ_strong_stat_weak,0.55,2.5,1.5,0.4,0.25
"{'weight_cap': 0.65, 'k_atr': 2.5, 'turb_zscore_thr': 1.5, 'turb_scale_min': 0.4, 'vol_target_ann': 0.25}",3,-0.057567346922605234,1.4829,27.963,-14.453,1.9348,2.095,0.036198,0.460037,False,False,False,econ_strong_stat_weak,0.65,2.5,1.5,0.4,0.25
"{'weight_cap': 0.55, 'k_atr': 2.5, 'turb_zscore_thr': 1.5, 'turb_scale_min': 0.25, 'vol_target_ann': 0.3}",3,-0.06701983655167945,1.4775,29.47,-16.345,1.803,2.087,0.036889,0.460037,False,False,False,econ_strong_stat_weak,0.55,2.5,1.5,0.25,0.3
"{'weight_cap': 0.65, 'k_atr': 2.5, 'turb_zscore_thr': 1.5, 'turb_scale_min': 0.25, 'vol_target_ann': 0.3}",3,-0.07444440082320977,1.4688,29.263,-16.324,1.7926,2.075,0.038006,0.460037,False,False,False,econ_strong_stat_weak,0.65,2.5,1.5,0.25,0.3
"{'weight_cap': 0.55, 'k_atr': 2.5, 'turb_zscore_thr': 1.5, 'turb_scale_min': 0.4, 'vol_target_ann': 0.3}",3,-0.07809049866936169,1.4621,29.248,-16.345,1.7894,2.065,0.038884,0.460037,False,False,False,econ_strong_stat_weak,0.55,2.5,1.5,0.4,0.3
"{'weight_cap': 0.65, 'k_atr': 2.5, 'turb_zscore_thr': 1.5, 'turb_scale_min': 0.4, 'vol_target_ann': 0.3}",3,-0.08532602789281903,1.4537,29.045,-16.324,1.7793,2.054,0.040021,0.460037,False,False,False,econ_strong_stat_weak,0.65,2.5,1.5,0.4,0.3
"{'weight_cap': 0.55, 'k_atr': 2.5, 'turb_zscore_thr': 1.5, 'turb_scale_min': 0.25, 'vol_target_ann': 0.35}",3,-0.09227338389736144,1.46,29.485,-17.23,1.7113,2.062,0.039164,0.460037,False,False,False,econ_strong_stat_weak,0.55,2.5,1.5,0.25,0.35
"{'weight_cap': 0.55, 'k_atr': 2.5, 'turb_zscore_thr': 1.0, 'turb_scale_min': 0.25, 'vol_target_ann': 0.25}",3,-0.09533454045052901,1.4654,26.41,-14.222,1.8569,2.07,0.038448,0.460037,False,False,False,econ_strong_stat_weak,0.55,2.5,1.0,0.25,0.25
"{'weight_cap': 0.65, 'k_atr': 2.5, 'turb_zscore_thr': 1.5, 'turb_scale_min': 0.25, 'vol_target_ann': 0.35}",3,-0.10000341808428545,1.4512,29.282,-17.227,1.6997,2.05,0.040362,0.460037,False,False,False,econ_strong_stat_weak,0.65,2.5,1.5,0.25,0.35
"{'weight_cap': 0.65, 'k_atr': 2.5, 'turb_zscore_thr': 1.0, 'turb_scale_min': 0.25, 'vol_target_ann': 0.25}",3,-0.10165710349705376,1.4573,26.256,-14.215,1.8471,2.059,0.039535,0.460037,False,False,False,econ_strong_stat_weak,0.65,2.5,1.0,0.25,0.25
"{'weight_cap': 0.55, 'k_atr': 2.5, 'turb_zscore_thr': 1.0, 'turb_scale_min': 0.4, 'vol_target_ann': 0.25}",3,-0.10276841926871128,1.4521,26.329,-14.222,1.8513,2.051,0.040234,0.460037,False,False,False,econ_strong_stat_weak,0.55,2.5,1.0,0.4,0.25
"{'weight_cap': 0.55, 'k_atr': 2.5, 'turb_zscore_thr': 1.5, 'turb_scale_min': 0.4, 'vol_target_ann': 0.35}",3,-0.10303081090200078,1.4451,29.263,-17.23,1.6984,2.041,0.041207,0.460037,False,False,False,econ_strong_stat_weak,0.55,2.5,1.5,0.4,0.35
"{'weight_cap': 0.65, 'k_atr': 2.5, 'turb_zscore_thr': 1.0, 'turb_scale_min': 0.4, 'vol_target_ann': 0.25}",3,-0.10894449820488611,1.4442,26.179,-14.215,1.8417,2.04,0.041333,0.460037,False,False,False,econ_strong_stat_weak,0.65,2.5,1.0,0.4,0.25
"{'weight_cap': 0.65, 'k_atr': 2.5, 'turb_zscore_thr': 1.5, 'turb_scale_min': 0.4, 'vol_target_ann': 0.35}",3,-0.11056898985173118,1.4365,29.065,-17.227,1.6871,2.029,0.042425,0.460037,False,False,False,econ_strong_stat_weak,0.65,2.5,1.5,0.4,0.35
"{'weight_cap': 0.55, 'k_atr': 2.5, 'turb_zscore_thr': 1.0, 'turb_scale_min': 0.25, 'vol_target_ann': 0.3}",3,-0.12240842288321249,1.4378,27.258,-15.833,1.7216,2.031,0.042235,0.460037,False,False,False,econ_strong_stat_weak,0.55,2.5,1.0,0.25,0.3
"{'weight_cap': 0.55, 'k_atr': 2.5, 'turb_zscore_thr': 1.0, 'turb_scale_min': 0.4, 'vol_target_ann': 0.3}",3,-0.12910353631537122,1.4259,27.177,-15.833,1.7165,2.014,0.043968,0.460037,False,False,False,econ_strong_stat_weak,0.55,2.5,1.0,0.4,0.3
"{'weight_cap': 0.65, 'k_atr': 2.5, 'turb_zscore_thr': 1.0, 'turb_scale_min': 0.25, 'vol_target_ann': 0.3}",3,-0.13014369888064548,1.4286,27.055,-15.812,1.7111,2.018,0.043569,0.460037,False,False,False,econ_strong_stat_weak,0.65,2.5,1.0,0.25,0.3
"{'weight_cap': 0.65, 'k_atr': 2.5, 'turb_zscore_thr': 1.0, 'turb_scale_min': 0.4, 'vol_target_ann': 0.3}",3,-0.13669898959390844,1.4168,26.977,-15.812,1.7061,2.002,0.045318,0.460037,False,False,False,econ_strong_stat_weak,0.65,2.5,1.0,0.4,0.3
"{'weight_cap': 0.55, 'k_atr': 2.5, 'turb_zscore_thr': 1.0, 'turb_scale_min': 0.25, 'vol_target_ann': 0.35}",3,-0.14785367338734767,1.4196,27.119,-16.535,1.6401,2.006,0.044894,0.460037,False,False,False,econ_strong_stat_weak,0.55,2.5,1.0,0.25,0.35
"{'weight_cap': 0.55, 'k_atr': 2.5, 'turb_zscore_thr': 1.0, 'turb_scale_min': 0.4, 'vol_target_ann': 0.35}",3,-0.1543305996757284,1.408,27.038,-16.535,1.6352,1.989,0.046668,0.460037,False,False,False,econ_strong_stat_weak,0.55,2.5,1.0,0.4,0.35
"{'weight_cap': 0.65, 'k_atr': 2.5, 'turb_zscore_thr': 1.0, 'turb_scale_min': 0.25, 'vol_target_ann': 0.35}",3,-0.1558896105174075,1.4102,26.92,-16.532,1.6283,1.992,0.046324,0.460037,False,False,False,econ_strong_stat_weak,0.65,2.5,1.0,0.25,0.35
"{'weight_cap': 0.65, 'k_atr': 2.5, 'turb_zscore_thr': 1.0, 'turb_scale_min': 0.4, 'vol_target_ann': 0.35}",3,-0.16222330841870242,1.3988,26.842,-16.532,1.6236,1.976,0.048114,0.460037,False,False,False,econ_strong_stat_weak,0.65,2.5,1.0,0.4,0.35
"{'weight_cap': 0.55, 'k_atr': 3.0, 'turb_zscore_thr': 1.5, 'turb_scale_min': 0.25, 'vol_target_ann': 0.25}",3,-0.19205548673063316,1.3493,25.779,-15.16,1.7005,1.907,0.056569,0.460037,False,False,False,econ_strong_stat_weak,0.55,3.0,1.5,0.25,0.25
"{'weight_cap': 0.65, 'k_atr': 3.0, 'turb_zscore_thr': 1.5, 'turb_scale_min': 0.25, 'vol_target_ann': 0.25}",3,-0.19610240721499556,1.344,25.665,-15.151,1.694,1.899,0.057538,0.460037,False,False,False,econ_strong_stat_weak,0.65,3.0,1.5,0.25,0.25
"{'weight_cap': 0.55, 'k_atr': 3.0, 'turb_zscore_thr': 1.5, 'turb_scale_min': 0.4, 'vol_target_ann': 0.25}",3,-0.19790265357870154,1.3386,25.699,-15.16,1.6952,1.892,0.058545,0.460037,False,False,False,econ_strong_stat_weak,0.55,3.0,1.5,0.4,0.25
"{'weight_cap': 0.65, 'k_atr': 3.0, 'turb_zscore_thr': 1.5, 'turb_scale_min': 0.4, 'vol_target_ann': 0.25}",3,-0.20176508927729417,1.3336,25.589,-15.151,1.689,1.884,0.0595,0.460037,False,False,False,econ_strong_stat_weak,0.65,3.0,1.5,0.4,0.25
"{'weight_cap': 0.55, 'k_atr': 3.0, 'turb_zscore_thr': 1.5, 'turb_scale_min': 0.25, 'vol_target_ann': 0.3}",3,-0.23415090359346413,1.3071,26.731,-17.79,1.5026,1.847,0.064705,0.460037,False,False,False,econ_strong_stat_weak,0.55,3.0,1.5,0.25,0.3
"{'weight_cap': 0.55, 'k_atr': 3.0, 'turb_zscore_thr': 1.5, 'turb_scale_min': 0.4, 'vol_target_ann': 0.3}",3,-0.2392312031059558,1.298,26.65,-17.79,1.498,1.834,0.0666,0.460037,False,False,False,econ_strong_stat_weak,0.55,3.0,1.5,0.4,0.3
"{'weight_cap': 0.65, 'k_atr': 3.0, 'turb_zscore_thr': 1.5, 'turb_scale_min': 0.25, 'vol_target_ann': 0.3}",3,-0.24040379509284673,1.3,26.552,-17.778,1.4936,1.837,0.066178,0.460037,False,False,False,econ_strong_stat_weak,0.65,3.0,1.5,0.25,0.3
"{'weight_cap': 0.55, 'k_atr': 3.0, 'turb_zscore_thr': 1.0, 'turb_scale_min': 0.25, 'vol_target_ann': 0.25}",3,-0.24079610558048073,1.3149,24.207,-15.16,1.5968,1.858,0.063141,0.460037,False,False,False,econ_strong_stat_weak,0.55,3.0,1.0,0.25,0.25
"{'weight_cap': 0.55, 'k_atr': 3.0, 'turb_zscore_thr': 1.0, 'turb_scale_min': 0.4, 'vol_target_ann': 0.25}",3,-0.2410341934955836,1.3091,24.283,-15.16,1.6018,1.85,0.0643,0.460037,False,False,False,econ_strong_stat_weak,0.55,3.0,1.0,0.4,0.25
"{'weight_cap': 0.65, 'k_atr': 3.0, 'turb_zscore_thr': 1.5, 'turb_scale_min': 0.4, 'vol_target_ann': 0.3}",3,-0.24530798642967813,1.291,26.476,-17.778,1.4893,1.825,0.068065,0.460037,False,False,False,econ_strong_stat_weak,0.65,3.0,1.5,0.4,0.3
"{'weight_cap': 0.65, 'k_atr': 3.0, 'turb_zscore_thr': 1.0, 'turb_scale_min': 0.25, 'vol_target_ann': 0.25}",3,-0.24565988825679083,1.3085,24.081,-15.151,1.5894,1.849,0.064421,0.460037,False,False,False,econ_strong_stat_weak,0.65,3.0,1.0,0.25,0.25
"{'weight_cap': 0.65, 'k_atr': 3.0, 'turb_zscore_thr': 1.0, 'turb_scale_min': 0.4, 'vol_target_ann': 0.25}",3,-0.24576495742835136,1.303,24.16,-15.151,1.5947,1.841,0.06556,0.460037,False,False,False,econ_strong_stat_weak,0.65,3.0,1.0,0.4,0.25
"{'weight_cap': 0.55, 'k_atr': 3.0, 'turb_zscore_thr': 1.5, 'turb_scale_min': 0.25, 'vol_target_ann': 0.35}",3,-0.27441020884095774,1.274,26.432,-19.063,1.3865,1.801,0.07177,0.460037,False,False,False,econ_strong_stat_weak,0.55,3.0,1.5,0.25,0.35
"{'weight_cap': 0.55, 'k_atr': 3.0, 'turb_zscore_thr': 1.5, 'turb_scale_min': 0.4, 'vol_target_ann': 0.35}",3,-0.2792147353289604,1.2653,26.352,-19.063,1.3823,1.788,0.073725,0.460037,False,False,False,econ_strong_stat_weak,0.55,3.0,1.5,0.4,0.35
"{'weight_cap': 0.65, 'k_atr': 3.0, 'turb_zscore_thr': 1.5, 'turb_scale_min': 0.25, 'vol_target_ann': 0.35}",3,-0.2802325411812649,1.2672,26.267,-19.056,1.3784,1.791,0.073286,0.460037,False,False,False,econ_strong_stat_weak,0.65,3.0,1.5,0.25,0.35
"{'weight_cap': 0.55, 'k_atr': 3.0, 'turb_zscore_thr': 1.0, 'turb_scale_min': 0.4, 'vol_target_ann': 0.3}",3,-0.28367587156302665,1.268,24.855,-17.405,1.428,1.792,0.073105,0.460037,False,False,False,econ_strong_stat_weak,0.55,3.0,1.0,0.4,0.3
"{'weight_cap': 0.55, 'k_atr': 3.0, 'turb_zscore_thr': 1.0, 'turb_scale_min': 0.25, 'vol_target_ann': 0.3}",3,-0.2838982411194943,1.2725,24.778,-17.405,1.4236,1.799,0.07209,0.460037,False,False,False,econ_strong_stat_weak,0.55,3.0,1.0,0.25,0.3
"{'weight_cap': 0.65, 'k_atr': 3.0, 'turb_zscore_thr': 1.5, 'turb_scale_min': 0.4, 'vol_target_ann': 0.35}",3,-0.28486475837547465,1.2587,26.191,-19.056,1.3744,1.779,0.075226,0.460037,False,False,False,econ_strong_stat_weak,0.65,3.0,1.5,0.4,0.35
"{'weight_cap': 0.65, 'k_atr': 3.0, 'turb_zscore_thr': 1.0, 'turb_scale_min': 0.4, 'vol_target_ann': 0.3}",3,-0.2899055684669006,1.2606,24.681,-17.384,1.4198,1.782,0.074784,0.460037,False,False,False,econ_strong_stat_weak,0.65,3.0,1.0,0.4,0.3
"{'weight_cap': 0.65, 'k_atr': 3.0, 'turb_zscore_thr': 1.0, 'turb_scale_min': 0.25, 'vol_target_ann': 0.3}",3,-0.2902548859351882,1.265,24.602,-17.384,1.4152,1.788,0.07379,0.460037,False,False,False,econ_strong_stat_weak,0.65,3.0,1.0,0.25,0.3
"{'weight_cap': 0.55, 'k_atr': 3.0, 'turb_zscore_thr': 1.0, 'turb_scale_min': 0.4, 'vol_target_ann': 0.35}",3,-0.32242494436527924,1.2359,24.453,-18.44,1.3261,1.747,0.080643,0.460037,False,False,False,econ_strong_stat_weak,0.55,3.0,1.0,0.4,0.35
"{'weight_cap': 0.55, 'k_atr': 3.0, 'turb_zscore_thr': 1.0, 'turb_scale_min': 0.25, 'vol_target_ann': 0.35}",3,-0.3228088725468776,1.24,24.376,-18.44,1.3219,1.753,0.079645,0.460037,False,False,False,econ_strong_stat_weak,0.55,3.0,1.0,0.25,0.35
"{'weight_cap': 0.65, 'k_atr': 3.0, 'turb_zscore_thr': 1.0, 'turb_scale_min': 0.4, 'vol_target_ann': 0.35}",3,-0.32849931043188996,1.2287,24.29,-18.431,1.3179,1.737,0.082423,0.460037,False,False,False,econ_strong_stat_weak,0.65,3.0,1.0,0.4,0.35
"{'weight_cap': 0.65, 'k_atr': 3.0, 'turb_zscore_thr': 1.0, 'turb_scale_min': 0.25, 'vol_target_ann': 0.35}",3,-0.32900845233861536,1.2326,24.211,-18.431,1.3136,1.742,0.08145,0.460037,False,False,False,econ_strong_stat_weak,0.65,3.0,1.0,0.25,0.35
"{'weight_cap': 0.55, 'k_atr': 2.0, 'turb_zscore_thr': 1.5, 'turb_scale_min': 0.25, 'vol_target_ann': 0.25}",3,-0.3408801735801932,1.243,20.633,-14.146,1.4586,1.757,0.078933,0.460037,False,False,False,econ_strong_stat_weak,0.55,2.0,1.5,0.25,0.25
"{'weight_cap': 0.55, 'k_atr': 2.0, 'turb_zscore_thr': 1.5, 'turb_scale_min': 0.4, 'vol_target_ann': 0.25}",3,-0.3431097195970751,1.2369,20.615,-14.146,1.4573,1.748,0.08042,0.460037,False,False,False,econ_strong_stat_weak,0.55,2.0,1.5,0.4,0.25
"{'weight_cap': 0.65, 'k_atr': 2.0, 'turb_zscore_thr': 1.5, 'turb_scale_min': 0.25, 'vol_target_ann': 0.25}",3,-0.3506874248109402,1.2324,20.412,-14.149,1.4426,1.742,0.081506,0.460037,False,False,False,econ_strong_stat_weak,0.65,2.0,1.5,0.25,0.25
"{'weight_cap': 0.65, 'k_atr': 2.0, 'turb_zscore_thr': 1.5, 'turb_scale_min': 0.4, 'vol_target_ann': 0.25}",3,-0.3527156331154047,1.2265,20.397,-14.149,1.4416,1.734,0.082969,0.460037,False,False,False,econ_strong_stat_weak,0.65,2.0,1.5,0.4,0.25
"{'weight_cap': 0.55, 'k_atr': 2.0, 'turb_zscore_thr': 1.5, 'turb_scale_min': 0.25, 'vol_target_ann': 0.3}",3,-0.36650599908527676,1.2209,20.559,-14.841,1.3853,1.726,0.084387,0.460037,False,False,False,econ_strong_stat_weak,0.55,2.0,1.5,0.25,0.3
"{'weight_cap': 0.55, 'k_atr': 2.0, 'turb_zscore_thr': 1.5, 'turb_scale_min': 0.25, 'vol_target_ann': 0.35}",3,-0.36650599908527676,1.2209,20.559,-14.841,1.3853,1.726,0.084387,0.460037,False,False,False,econ_strong_stat_weak,0.55,2.0,1.5,0.25,0.35
"{'weight_cap': 0.55, 'k_atr': 2.0, 'turb_zscore_thr': 1.5, 'turb_scale_min': 0.4, 'vol_target_ann': 0.3}",3,-0.36861168634820796,1.2151,20.54,-14.841,1.384,1.718,0.085878,0.460037,False,False,False,econ_strong_stat_weak,0.55,2.0,1.5,0.4,0.3
"{'weight_cap': 0.55, 'k_atr': 2.0, 'turb_zscore_thr': 1.5, 'turb_scale_min': 0.4, 'vol_target_ann': 0.35}",3,-0.36861168634820796,1.2151,20.54,-14.841,1.384,1.718,0.085878,0.460037,False,False,False,econ_strong_stat_weak,0.55,2.0,1.5,0.4,0.35
"{'weight_cap': 0.65, 'k_atr': 2.0, 'turb_zscore_thr': 1.5, 'turb_scale_min': 0.25, 'vol_target_ann': 0.35}",3,-0.3755036312568407,1.211,20.348,-14.841,1.3711,1.712,0.086921,0.460037,False,False,False,econ_strong_stat_weak,0.65,2.0,1.5,0.25,0.35
"{'weight_cap': 0.65, 'k_atr': 2.0, 'turb_zscore_thr': 1.5, 'turb_scale_min': 0.25, 'vol_target_ann': 0.3}",3,-0.3755036312568407,1.211,20.348,-14.841,1.3711,1.712,0.086921,0.460037,False,False,False,econ_strong_stat_weak,0.65,2.0,1.5,0.25,0.3
"{'weight_cap': 0.55, 'k_atr': 2.0, 'turb_zscore_thr': 1.0, 'turb_scale_min': 0.4, 'vol_target_ann': 0.25}",3,-0.3755858171407948,1.2141,19.286,-13.703,1.4074,1.716,0.086116,0.460037,False,False,False,econ_strong_stat_weak,0.55,2.0,1.0,0.4,0.25
"{'weight_cap': 0.65, 'k_atr': 2.0, 'turb_zscore_thr': 1.5, 'turb_scale_min': 0.4, 'vol_target_ann': 0.3}",3,-0.3774143874398532,1.2054,20.333,-14.841,1.3701,1.704,0.088384,0.460037,False,False,False,econ_strong_stat_weak,0.65,2.0,1.5,0.4,0.3
"{'weight_cap': 0.65, 'k_atr': 2.0, 'turb_zscore_thr': 1.5, 'turb_scale_min': 0.4, 'vol_target_ann': 0.35}",3,-0.3774143874398532,1.2054,20.333,-14.841,1.3701,1.704,0.088384,0.460037,False,False,False,econ_strong_stat_weak,0.65,2.0,1.5,0.4,0.35
"{'weight_cap': 0.55, 'k_atr': 2.0, 'turb_zscore_thr': 1.0, 'turb_scale_min': 0.25, 'vol_target_ann': 0.25}",3,-0.3780623106001328,1.2161,19.181,-13.703,1.3997,1.719,0.085614,0.460037,False,False,False,econ_strong_stat_weak,0.55,2.0,1.0,0.25,0.25
"{'weight_cap': 0.65, 'k_atr': 2.0, 'turb_zscore_thr': 1.0, 'turb_scale_min': 0.4, 'vol_target_ann': 0.25}",3,-0.38450442278539504,1.2043,19.093,-13.707,1.3929,1.702,0.088688,0.460037,False,False,False,econ_strong_stat_weak,0.65,2.0,1.0,0.4,0.25
"{'weight_cap': 0.65, 'k_atr': 2.0, 'turb_zscore_thr': 1.0, 'turb_scale_min': 0.25, 'vol_target_ann': 0.25}",3,-0.38713065828462767,1.206,18.984,-13.707,1.385,1.705,0.08823,0.460037,False,False,False,econ_strong_stat_weak,0.65,2.0,1.0,0.25,0.25
"{'weight_cap': 0.55, 'k_atr': 2.0, 'turb_zscore_thr': 1.0, 'turb_scale_min': 0.4, 'vol_target_ann': 0.3}",3,-0.4003611143232459,1.1928,19.09,-14.197,1.3447,1.686,0.091756,0.460037,False,False,False,econ_strong_stat_weak,0.55,2.0,1.0,0.4,0.3
"{'weight_cap': 0.55, 'k_atr': 2.0, 'turb_zscore_thr': 1.0, 'turb_scale_min': 0.4, 'vol_target_ann': 0.35}",3,-0.4003611143232459,1.1928,19.09,-14.197,1.3447,1.686,0.091756,0.460037,False,False,False,econ_strong_stat_weak,0.55,2.0,1.0,0.4,0.35
"{'weight_cap': 0.55, 'k_atr': 2.0, 'turb_zscore_thr': 1.0, 'turb_scale_min': 0.25, 'vol_target_ann': 0.3}",3,-0.4029021324461016,1.1945,18.984,-14.197,1.3372,1.689,0.091299,0.460037,False,False,False,econ_strong_stat_weak,0.55,2.0,1.0,0.25,0.3
"{'weight_cap': 0.55, 'k_atr': 2.0, 'turb_zscore_thr': 1.0, 'turb_scale_min': 0.25, 'vol_target_ann': 0.35}",3,-0.4029021324461016,1.1945,18.984,-14.197,1.3372,1.689,0.091299,0.460037,False,False,False,econ_strong_stat_weak,0.55,2.0,1.0,0.25,0.35
"{'weight_cap': 0.65, 'k_atr': 2.0, 'turb_zscore_thr': 1.0, 'turb_scale_min': 0.4, 'vol_target_ann': 0.3}",3,-0.40974827524266766,1.1823,18.882,-14.197,1.3301,1.671,0.094642,0.460037,False,False,False,econ_strong_stat_weak,0.65,2.0,1.0,0.4,0.3
"{'weight_cap': 0.65, 'k_atr': 2.0, 'turb_zscore_thr': 1.0, 'turb_scale_min': 0.4, 'vol_target_ann': 0.35}",3,-0.40974827524266766,1.1823,18.882,-14.197,1.3301,1.671,0.094642,0.460037,False,False,False,econ_strong_stat_weak,0.65,2.0,1.0,0.4,0.35
"{'weight_cap': 0.65, 'k_atr': 2.0, 'turb_zscore_thr': 1.0, 'turb_scale_min': 0.25, 'vol_target_ann': 0.35}",3,-0.41243808369072993,1.1838,18.774,-14.197,1.3224,1.673,0.094234,0.460037,False,False,False,econ_strong_stat_weak,0.65,2.0,1.0,0.25,0.35
"{'weight_cap': 0.65, 'k_atr': 2.0, 'turb_zscore_thr': 1.0, 'turb_scale_min': 0.25, 'vol_target_ann': 0.3}",3,-0.41243808369072993,1.1838,18.774,-14.197,1.3224,1.673,0.094234,0.460037,False,False,False,econ_strong_stat_weak,0.65,2.0,1.0,0.25,0.3
"{'weight_cap': 0.65, 'k_atr': 2.5, 'turb_zscore_thr': 1.5, 'turb_scale_min': 0.25, 'vol_target_ann': 0.25}",4,0.3253398828831899,0.1878,1.785,-23.634,0.0755,0.265,0.790794,1.0,False,False,False,econ_strong_stat_weak,0.65,2.5,1.5,0.25,0.25
"{'weight_cap': 0.65, 'k_atr': 2.5, 'turb_zscore_thr': 1.5, 'turb_scale_min': 0.25, 'vol_target_ann': 0.3}",4,0.31314045749529185,0.1743,1.506,-24.001,0.0627,0.246,0.805544,1.0,False,False,False,econ_strong_stat_weak,0.65,2.5,1.5,0.25,0.3
"{'weight_cap': 0.65, 'k_atr': 2.5, 'turb_zscore_thr': 1.5, 'turb_scale_min': 0.25, 'vol_target_ann': 0.35}",4,0.311580780847775,0.1725,1.469,-24.056,0.0611,0.244,0.807449,1.0,False,False,False,econ_strong_stat_weak,0.65,2.5,1.5,0.25,0.35
"{'weight_cap': 0.65, 'k_atr': 2.5, 'turb_zscore_thr': 1.0, 'turb_scale_min': 0.25, 'vol_target_ann': 0.25}",4,0.3073148269719787,0.1667,1.384,-22.335,0.0619,0.235,0.813829,1.0,False,False,False,econ_strong_stat_weak,0.65,2.5,1.0,0.25,0.25
"{'weight_cap': 0.65, 'k_atr': 2.5, 'turb_zscore_thr': 1.0, 'turb_scale_min': 0.25, 'vol_target_ann': 0.35}",4,0.30523786896909655,0.1645,1.333,-22.324,0.0597,0.232,0.81622,1.0,False,False,False,econ_strong_stat_weak,0.65,2.5,1.0,0.25,0.35
"{'weight_cap': 0.65, 'k_atr': 2.5, 'turb_zscore_thr': 1.0, 'turb_scale_min': 0.25, 'vol_target_ann': 0.3}",4,0.30518804638339514,0.1644,1.332,-22.326,0.0597,0.232,0.816282,1.0,False,False,False,econ_strong_stat_weak,0.65,2.5,1.0,0.25,0.3
"{'weight_cap': 0.55, 'k_atr': 2.5, 'turb_zscore_thr': 1.5, 'turb_scale_min': 0.25, 'vol_target_ann': 0.25}",4,0.30218212583982407,0.161,1.255,-23.891,0.0525,0.227,0.820049,1.0,False,False,False,econ_strong_stat_weak,0.55,2.5,1.5,0.25,0.25
"{'weight_cap': 0.65, 'k_atr': 2.0, 'turb_zscore_thr': 1.5, 'turb_scale_min': 0.25, 'vol_target_ann': 0.35}",4,0.3009011903044122,0.1563,1.207,-19.199,0.0628,0.221,0.825243,1.0,False,False,False,econ_strong_stat_weak,0.65,2.0,1.5,0.25,0.35
"{'weight_cap': 0.65, 'k_atr': 2.0, 'turb_zscore_thr': 1.5, 'turb_scale_min': 0.25, 'vol_target_ann': 0.3}",4,0.3008124386052322,0.1562,1.205,-19.202,0.0627,0.221,0.825354,1.0,False,False,False,econ_strong_stat_weak,0.65,2.0,1.5,0.25,0.3
"{'weight_cap': 0.65, 'k_atr': 2.5, 'turb_zscore_thr': 1.5, 'turb_scale_min': 0.4, 'vol_target_ann': 0.25}",4,0.29989741702761896,0.1585,1.204,-24.502,0.0491,0.224,0.822827,1.0,False,False,False,econ_strong_stat_weak,0.65,2.5,1.5,0.4,0.25
"{'weight_cap': 0.65, 'k_atr': 2.0, 'turb_zscore_thr': 1.5, 'turb_scale_min': 0.25, 'vol_target_ann': 0.25}",4,0.29969972358858726,0.1546,1.184,-19.178,0.0617,0.218,0.827064,1.0,False,False,False,econ_strong_stat_weak,0.65,2.0,1.5,0.25,0.25
"{'weight_cap': 0.65, 'k_atr': 2.0, 'turb_zscore_thr': 1.0, 'turb_scale_min': 0.25, 'vol_target_ann': 0.3}",4,0.2942001060414406,0.1477,1.073,-17.639,0.0608,0.209,0.834697,1.0,False,False,False,econ_strong_stat_weak,0.65,2.0,1.0,0.25,0.3
"{'weight_cap': 0.65, 'k_atr': 2.0, 'turb_zscore_thr': 1.0, 'turb_scale_min': 0.25, 'vol_target_ann': 0.35}",4,0.2942001060414406,0.1477,1.073,-17.639,0.0608,0.209,0.834697,1.0,False,False,False,econ_strong_stat_weak,0.65,2.0,1.0,0.25,0.35
"{'weight_cap': 0.65, 'k_atr': 2.0, 'turb_zscore_thr': 1.0, 'turb_scale_min': 0.25, 'vol_target_ann': 0.25}",4,0.29128014378919376,0.1442,1.016,-17.615,0.0577,0.204,0.838624,1.0,False,False,False,econ_strong_stat_weak,0.65,2.0,1.0,0.25,0.25
"{'weight_cap': 0.55, 'k_atr': 2.5, 'turb_zscore_thr': 1.5, 'turb_scale_min': 0.25, 'vol_target_ann': 0.3}",4,0.28882003207044965,0.1463,0.939,-24.312,0.0386,0.207,0.836286,1.0,False,False,False,econ_strong_stat_weak,0.55,2.5,1.5,0.25,0.3
"{'weight_cap': 0.65, 'k_atr': 2.5, 'turb_zscore_thr': 1.5, 'turb_scale_min': 0.4, 'vol_target_ann': 0.3}",4,0.28828674943845634,0.1457,0.926,-24.864,0.0373,0.206,0.836897,1.0,False,False,False,econ_strong_stat_weak,0.65,2.5,1.5,0.4,0.3
"{'weight_cap': 0.65, 'k_atr': 2.5, 'turb_zscore_thr': 1.5, 'turb_scale_min': 0.4, 'vol_target_ann': 0.35}",4,0.2867927539098165,0.1441,0.89,-24.918,0.0357,0.204,0.838729,1.0,False,False,False,econ_strong_stat_weak,0.65,2.5,1.5,0.4,0.35
"{'weight_cap': 0.55, 'k_atr': 2.5, 'turb_zscore_thr': 1.5, 'turb_scale_min': 0.25, 'vol_target_ann': 0.35}",4,0.28672363219639085,0.1439,0.888,-24.387,0.0364,0.203,0.838868,1.0,False,False,False,econ_strong_stat_weak,0.55,2.5,1.5,0.25,0.35
"{'weight_cap': 0.55, 'k_atr': 2.5, 'turb_zscore_thr': 1.0, 'turb_scale_min': 0.25, 'vol_target_ann': 0.25}",4,0.2843097441095844,0.1398,0.872,-22.578,0.0386,0.197,0.843466,1.0,False,False,False,econ_strong_stat_weak,0.55,2.5,1.0,0.25,0.25
"{'weight_cap': 0.65, 'k_atr': 2.0, 'turb_zscore_thr': 1.5, 'turb_scale_min': 0.4, 'vol_target_ann': 0.35}",4,0.2811109127340394,0.1336,0.789,-19.862,0.0397,0.189,0.85026,1.0,False,False,False,econ_strong_stat_weak,0.65,2.0,1.5,0.4,0.35
"{'weight_cap': 0.65, 'k_atr': 2.0, 'turb_zscore_thr': 1.5, 'turb_scale_min': 0.4, 'vol_target_ann': 0.3}",4,0.2810233924527666,0.1335,0.787,-19.865,0.0396,0.189,0.850372,1.0,False,False,False,econ_strong_stat_weak,0.65,2.0,1.5,0.4,0.3
"{'weight_cap': 0.55, 'k_atr': 2.5, 'turb_zscore_thr': 1.0, 'turb_scale_min': 0.25, 'vol_target_ann': 0.35}",4,0.28077356465397063,0.1361,0.783,-22.627,0.0346,0.192,0.847543,1.0,False,False,False,econ_strong_stat_weak,0.55,2.5,1.0,0.25,0.35
"{'weight_cap': 0.55, 'k_atr': 2.5, 'turb_zscore_thr': 1.0, 'turb_scale_min': 0.25, 'vol_target_ann': 0.3}",4,0.28062369515458535,0.1359,0.78,-22.632,0.0344,0.192,0.847736,1.0,False,False,False,econ_strong_stat_weak,0.55,2.5,1.0,0.25,0.3
"{'weight_cap': 0.65, 'k_atr': 2.0, 'turb_zscore_thr': 1.5, 'turb_scale_min': 0.4, 'vol_target_ann': 0.25}",4,0.27968275435253,0.1316,0.767,-19.842,0.0386,0.186,0.85254,1.0,False,False,False,econ_strong_stat_weak,0.65,2.0,1.5,0.4,0.25
"{'weight_cap': 0.55, 'k_atr': 2.5, 'turb_zscore_thr': 1.5, 'turb_scale_min': 0.4, 'vol_target_ann': 0.25}",4,0.2767679688538327,0.1316,0.672,-24.763,0.0271,0.186,0.852555,1.0,False,False,False,econ_strong_stat_weak,0.55,2.5,1.5,0.4,0.25
"{'weight_cap': 0.65, 'k_atr': 2.5, 'turb_zscore_thr': 1.0, 'turb_scale_min': 0.4, 'vol_target_ann': 0.25}",4,0.27675727862960026,0.131,0.702,-23.374,0.03,0.185,0.853212,1.0,False,False,False,econ_strong_stat_weak,0.65,2.5,1.0,0.4,0.25
"{'weight_cap': 0.65, 'k_atr': 2.5, 'turb_zscore_thr': 1.0, 'turb_scale_min': 0.4, 'vol_target_ann': 0.35}",4,0.27506943864918676,0.1294,0.652,-23.363,0.0279,0.183,0.854891,1.0,False,False,False,econ_strong_stat_weak,0.65,2.5,1.0,0.4,0.35
"{'weight_cap': 0.65, 'k_atr': 2.5, 'turb_zscore_thr': 1.0, 'turb_scale_min': 0.4, 'vol_target_ann': 0.3}",4,0.27502028247315047,0.1294,0.651,-23.365,0.0279,0.183,0.854955,1.0,False,False,False,econ_strong_stat_weak,0.65,2.5,1.0,0.4,0.3
"{'weight_cap': 0.65, 'k_atr': 2.0, 'turb_zscore_thr': 1.0, 'turb_scale_min': 0.4, 'vol_target_ann': 0.35}",4,0.27163386777477044,0.1216,0.614,-18.383,0.0334,0.172,0.863568,1.0,False,False,False,econ_strong_stat_weak,0.65,2.0,1.0,0.4,0.35
"{'weight_cap': 0.65, 'k_atr': 2.0, 'turb_zscore_thr': 1.0, 'turb_scale_min': 0.4, 'vol_target_ann': 0.3}",4,0.27163386777477044,0.1216,0.614,-18.383,0.0334,0.172,0.863568,1.0,False,False,False,econ_strong_stat_weak,0.65,2.0,1.0,0.4,0.3
"{'weight_cap': 0.55, 'k_atr': 2.0, 'turb_zscore_thr': 1.5, 'turb_scale_min': 0.25, 'vol_target_ann': 0.35}",4,0.2710840490645788,0.1219,0.577,-19.413,0.0297,0.172,0.863244,1.0,False,False,False,econ_strong_stat_weak,0.55,2.0,1.5,0.25,0.35
"{'weight_cap': 0.55, 'k_atr': 2.0, 'turb_zscore_thr': 1.5, 'turb_scale_min': 0.25, 'vol_target_ann': 0.3}",4,0.2707929542765666,0.1216,0.571,-19.423,0.0294,0.172,0.863616,1.0,False,False,False,econ_strong_stat_weak,0.55,2.0,1.5,0.25,0.3
"{'weight_cap': 0.55, 'k_atr': 2.0, 'turb_zscore_thr': 1.5, 'turb_scale_min': 0.25, 'vol_target_ann': 0.25}",4,0.2705924774927717,0.1209,0.577,-19.357,0.0298,0.171,0.864415,1.0,False,False,False,econ_strong_stat_weak,0.55,2.0,1.5,0.25,0.25
"{'weight_cap': 0.65, 'k_atr': 2.0, 'turb_zscore_thr': 1.0, 'turb_scale_min': 0.4, 'vol_target_ann': 0.25}",4,0.26857472372722774,0.1178,0.558,-18.36,0.0304,0.166,0.867835,1.0,False,False,False,econ_strong_stat_weak,0.65,2.0,1.0,0.4,0.25
"{'weight_cap': 0.55, 'k_atr': 2.0, 'turb_zscore_thr': 1.0, 'turb_scale_min': 0.25, 'vol_target_ann': 0.35}",4,0.2644380645388841,0.1131,0.47,-17.836,0.0263,0.16,0.873014,1.0,False,False,False,econ_strong_stat_weak,0.55,2.0,1.0,0.25,0.35
"{'weight_cap': 0.55, 'k_atr': 2.0, 'turb_zscore_thr': 1.0, 'turb_scale_min': 0.25, 'vol_target_ann': 0.3}",4,0.2644380645388841,0.1131,0.47,-17.836,0.0263,0.16,0.873014,1.0,False,False,False,econ_strong_stat_weak,0.55,2.0,1.0,0.25,0.3
"{'weight_cap': 0.55, 'k_atr': 2.5, 'turb_zscore_thr': 1.5, 'turb_scale_min': 0.4, 'vol_target_ann': 0.3}",4,0.26401123111420927,0.1176,0.358,-25.179,0.0142,0.166,0.868092,1.0,False,False,False,econ_strong_stat_weak,0.55,2.5,1.5,0.4,0.3
"{'weight_cap': 0.55, 'k_atr': 2.5, 'turb_zscore_thr': 1.5, 'turb_scale_min': 0.4, 'vol_target_ann': 0.35}",4,0.26199317991587173,0.1153,0.307,-25.254,0.0122,0.163,0.87059,1.0,False,False,False,econ_strong_stat_weak,0.55,2.5,1.5,0.4,0.35
"{'weight_cap': 0.55, 'k_atr': 2.0, 'turb_zscore_thr': 1.0, 'turb_scale_min': 0.25, 'vol_target_ann': 0.25}",4,0.2619437453122362,0.1099,0.426,-17.791,0.0239,0.155,0.876598,1.0,False,False,False,econ_strong_stat_weak,0.55,2.0,1.0,0.25,0.25
"{'weight_cap': 0.55, 'k_atr': 2.5, 'turb_zscore_thr': 1.0, 'turb_scale_min': 0.4, 'vol_target_ann': 0.25}",4,0.2538746304505633,0.1039,0.189,-23.62,0.008,0.147,0.883254,1.0,False,False,False,econ_strong_stat_weak,0.55,2.5,1.0,0.4,0.25
"{'weight_cap': 0.55, 'k_atr': 2.0, 'turb_zscore_thr': 1.5, 'turb_scale_min': 0.4, 'vol_target_ann': 0.35}",4,0.2513807417213235,0.0991,0.158,-20.082,0.0079,0.14,0.888661,1.0,False,False,False,econ_strong_stat_weak,0.55,2.0,1.5,0.4,0.35
"{'weight_cap': 0.55, 'k_atr': 2.0, 'turb_zscore_thr': 1.5, 'turb_scale_min': 0.4, 'vol_target_ann': 0.3}",4,0.25109350063297003,0.0988,0.152,-20.091,0.0076,0.14,0.889034,1.0,False,False,False,econ_strong_stat_weak,0.55,2.0,1.5,0.4,0.3
"{'weight_cap': 0.55, 'k_atr': 2.5, 'turb_zscore_thr': 1.0, 'turb_scale_min': 0.4, 'vol_target_ann': 0.35}",4,0.2507702069511601,0.1009,0.101,-23.669,0.0042,0.143,0.886598,1.0,False,False,False,econ_strong_stat_weak,0.55,2.5,1.0,0.4,0.35
"{'weight_cap': 0.55, 'k_atr': 2.0, 'turb_zscore_thr': 1.5, 'turb_scale_min': 0.4, 'vol_target_ann': 0.25}",4,0.2506456579873205,0.0976,0.158,-20.026,0.0079,0.138,0.890293,1.0,False,False,False,econ_strong_stat_weak,0.55,2.0,1.5,0.4,0.25
"{'weight_cap': 0.55, 'k_atr': 2.5, 'turb_zscore_thr': 1.0, 'turb_scale_min': 0.4, 'vol_target_ann': 0.3}",4,0.2506219782364869,0.1008,0.097,-23.674,0.0041,0.142,0.886794,1.0,False,False,False,econ_strong_stat_weak,0.55,2.5,1.0,0.4,0.3
"{'weight_cap': 0.55, 'k_atr': 2.0, 'turb_zscore_thr': 1.0, 'turb_scale_min': 0.4, 'vol_target_ann': 0.35}",4,0.24208730918746443,0.087,0.011,-18.583,0.0006,0.123,0.902164,1.0,False,False,False,econ_strong_stat_weak,0.55,2.0,1.0,0.4,0.35
"{'weight_cap': 0.55, 'k_atr': 2.0, 'turb_zscore_thr': 1.0, 'turb_scale_min': 0.4, 'vol_target_ann': 0.3}",4,0.24208730918746443,0.087,0.011,-18.583,0.0006,0.123,0.902164,1.0,False,False,False,econ_strong_stat_weak,0.55,2.0,1.0,0.4,0.3
"{'weight_cap': 0.55, 'k_atr': 2.0, 'turb_zscore_thr': 1.0, 'turb_scale_min': 0.4, 'vol_target_ann': 0.25}",4,0.23943937796865356,0.0835,-0.033,-18.539,-0.0018,0.118,0.90609,1.0,False,False,False,econ_strong_stat_weak,0.55,2.0,1.0,0.4,0.25
"{'weight_cap': 0.65, 'k_atr': 3.0, 'turb_zscore_thr': 1.0, 'turb_scale_min': 0.25, 'vol_target_ann': 0.3}",4,0.19720100558735038,0.145,0.905,-30.239,0.0299,0.205,0.837725,1.0,False,False,False,econ_strong_stat_weak,0.65,3.0,1.0,0.25,0.3
"{'weight_cap': 0.65, 'k_atr': 3.0, 'turb_zscore_thr': 1.0, 'turb_scale_min': 0.25, 'vol_target_ann': 0.35}",4,0.19720100558735038,0.145,0.905,-30.239,0.0299,0.205,0.837725,1.0,False,False,False,econ_strong_stat_weak,0.65,3.0,1.0,0.25,0.35
"{'weight_cap': 0.65, 'k_atr': 3.0, 'turb_zscore_thr': 1.0, 'turb_scale_min': 0.25, 'vol_target_ann': 0.25}",4,0.1780510663689931,0.1245,0.526,-30.3,0.0174,0.176,0.860372,1.0,False,False,False,econ_strong_stat_weak,0.65,3.0,1.0,0.25,0.25
"{'weight_cap': 0.55, 'k_atr': 3.0, 'turb_zscore_thr': 1.0, 'turb_scale_min': 0.25, 'vol_target_ann': 0.3}",4,0.153012886901726,0.1146,0.287,-30.703,0.0093,0.162,0.871367,1.0,False,False,False,econ_strong_stat_weak,0.55,3.0,1.0,0.25,0.3
"{'weight_cap': 0.55, 'k_atr': 3.0, 'turb_zscore_thr': 1.0, 'turb_scale_min': 0.25, 'vol_target_ann': 0.35}",4,0.153012886901726,0.1146,0.287,-30.703,0.0093,0.162,0.871367,1.0,False,False,False,econ_strong_stat_weak,0.55,3.0,1.0,0.25,0.35
"{'weight_cap': 0.65, 'k_atr': 3.0, 'turb_zscore_thr': 1.0, 'turb_scale_min': 0.4, 'vol_target_ann': 0.3}",4,0.14761229789223645,0.1199,0.388,-30.95,0.0125,0.169,0.865524,1.0,False,False,False,econ_strong_stat_weak,0.65,3.0,1.0,0.4,0.3
"{'weight_cap': 0.65, 'k_atr': 3.0, 'turb_zscore_thr': 1.0, 'turb_scale_min': 0.4, 'vol_target_ann': 0.35}",4,0.14761229789223645,0.1199,0.388,-30.95,0.0125,0.169,0.865524,1.0,False,False,False,econ_strong_stat_weak,0.65,3.0,1.0,0.4,0.35
"{'weight_cap': 0.55, 'k_atr': 3.0, 'turb_zscore_thr': 1.0, 'turb_scale_min': 0.25, 'vol_target_ann': 0.25}",4,0.13717636653825133,0.0954,-0.051,-30.715,-0.0017,0.135,0.892801,1.0,False,False,False,econ_strong_stat_weak,0.55,3.0,1.0,0.25,0.25
"{'weight_cap': 0.65, 'k_atr': 3.0, 'turb_zscore_thr': 1.0, 'turb_scale_min': 0.4, 'vol_target_ann': 0.25}",4,0.12827935670914375,0.0989,0.012,-31.01,0.0004,0.14,0.888888,1.0,False,False,False,econ_strong_stat_weak,0.65,3.0,1.0,0.4,0.25
"{'weight_cap': 0.55, 'k_atr': 3.0, 'turb_zscore_thr': 1.0, 'turb_scale_min': 0.4, 'vol_target_ann': 0.3}",4,0.10209011531567191,0.0888,-0.245,-31.435,-0.0078,0.125,0.90013,1.0,False,False,False,econ_strong_stat_weak,0.55,3.0,1.0,0.4,0.3
"{'weight_cap': 0.55, 'k_atr': 3.0, 'turb_zscore_thr': 1.0, 'turb_scale_min': 0.4, 'vol_target_ann': 0.35}",4,0.10209011531567191,0.0888,-0.245,-31.435,-0.0078,0.125,0.90013,1.0,False,False,False,econ_strong_stat_weak,0.55,3.0,1.0,0.4,0.35
"{'weight_cap': 0.65, 'k_atr': 3.0, 'turb_zscore_thr': 1.5, 'turb_scale_min': 0.25, 'vol_target_ann': 0.25}",4,0.08609076454080311,0.1122,0.214,-32.323,0.0066,0.159,0.874052,1.0,False,False,False,econ_strong_stat_weak,0.65,3.0,1.5,0.25,0.25
"{'weight_cap': 0.55, 'k_atr': 3.0, 'turb_zscore_thr': 1.0, 'turb_scale_min': 0.4, 'vol_target_ann': 0.25}",4,0.08602552662298374,0.0691,-0.581,-31.446,-0.0185,0.098,0.922272,1.0,False,False,False,econ_strong_stat_weak,0.55,3.0,1.0,0.4,0.25
"{'weight_cap': 0.65, 'k_atr': 3.0, 'turb_zscore_thr': 1.5, 'turb_scale_min': 0.25, 'vol_target_ann': 0.3}",4,0.06783601635259051,0.1194,0.295,-32.905,0.009,0.169,0.866063,1.0,False,False,False,econ_strong_stat_weak,0.65,3.0,1.5,0.25,0.3
"{'weight_cap': 0.65, 'k_atr': 3.0, 'turb_zscore_thr': 1.5, 'turb_scale_min': 0.25, 'vol_target_ann': 0.35}",4,0.0653239544291811,0.1182,0.268,-32.941,0.0081,0.167,0.867358,1.0,False,False,False,econ_strong_stat_weak,0.65,3.0,1.5,0.25,0.35
"{'weight_cap': 0.55, 'k_atr': 3.0, 'turb_zscore_thr': 1.5, 'turb_scale_min': 0.25, 'vol_target_ann': 0.25}",4,0.04625447645657943,0.084,-0.368,-32.726,-0.0112,0.119,0.90554,1.0,False,False,False,econ_strong_stat_weak,0.55,3.0,1.5,0.25,0.25
"{'weight_cap': 0.65, 'k_atr': 3.0, 'turb_zscore_thr': 1.5, 'turb_scale_min': 0.4, 'vol_target_ann': 0.25}",4,0.029838080710627435,0.0834,-0.383,-33.124,-0.0115,0.118,0.906233,1.0,False,False,False,econ_strong_stat_weak,0.65,3.0,1.5,0.4,0.25
"{'weight_cap': 0.55, 'k_atr': 3.0, 'turb_zscore_thr': 1.5, 'turb_scale_min': 0.25, 'vol_target_ann': 0.3}",4,0.022593969076908832,0.089,-0.355,-33.389,-0.0106,0.126,0.899963,1.0,False,False,False,econ_strong_stat_weak,0.55,3.0,1.5,0.25,0.3
"{'weight_cap': 0.55, 'k_atr': 3.0, 'turb_zscore_thr': 1.5, 'turb_scale_min': 0.25, 'vol_target_ann': 0.35}",4,0.01900851485201277,0.0873,-0.394,-33.442,-0.0118,0.123,0.901825,1.0,False,False,False,econ_strong_stat_weak,0.55,3.0,1.5,0.25,0.35
"{'weight_cap': 0.65, 'k_atr': 3.0, 'turb_zscore_thr': 1.5, 'turb_scale_min': 0.4, 'vol_target_ann': 0.3}",4,0.01244268610590668,0.0916,-0.301,-33.699,-0.0089,0.129,0.897085,1.0,False,False,False,econ_strong_stat_weak,0.65,3.0,1.5,0.4,0.3
"{'weight_cap': 0.65, 'k_atr': 3.0, 'turb_zscore_thr': 1.5, 'turb_scale_min': 0.4, 'vol_target_ann': 0.35}",4,0.009980783793039516,0.0904,-0.329,-33.735,-0.0097,0.128,0.898337,1.0,False,False,False,econ_strong_stat_weak,0.65,3.0,1.5,0.4,0.35
"{'weight_cap': 0.55, 'k_atr': 3.0, 'turb_zscore_thr': 1.5, 'turb_scale_min': 0.4, 'vol_target_ann': 0.25}",4,-0.010536628636055256,0.0548,-0.97,-33.536,-0.0289,0.077,0.93826,1.0,False,False,False,econ_strong_stat_weak,0.55,3.0,1.5,0.4,0.25
"{'weight_cap': 0.55, 'k_atr': 3.0, 'turb_zscore_thr': 1.5, 'turb_scale_min': 0.4, 'vol_target_ann': 0.3}",4,-0.033264596026657905,0.0608,-0.957,-34.191,-0.028,0.086,0.93152,1.0,False,False,False,econ_strong_stat_weak,0.55,3.0,1.5,0.4,0.3
"{'weight_cap': 0.55, 'k_atr': 3.0, 'turb_zscore_thr': 1.5, 'turb_scale_min': 0.4, 'vol_target_ann': 0.35}",4,-0.03678453841323007,0.0592,-0.997,-34.243,-0.0291,0.084,0.933332,1.0,False,False,False,econ_strong_stat_weak,0.55,3.0,1.5,0.4,0.35
"{'weight_cap': 0.55, 'k_atr': 3.0, 'turb_zscore_thr': 1.5, 'turb_scale_min': 0.4, 'vol_target_ann': 0.25}",5,0.5484654093028672,2.3177,73.589,-12.492,5.8911,2.809,0.004976,0.129929,False,False,False,econ_strong_stat_weak,0.55,3.0,1.5,0.4,0.25
"{'weight_cap': 0.55, 'k_atr': 3.0, 'turb_zscore_thr': 1.5, 'turb_scale_min': 0.25, 'vol_target_ann': 0.25}",5,0.5405300632856054,2.3173,73.486,-12.569,5.8468,2.808,0.004983,0.129929,False,False,False,econ_strong_stat_weak,0.55,3.0,1.5,0.25,0.25
"{'weight_cap': 0.65, 'k_atr': 3.0, 'turb_zscore_thr': 1.5, 'turb_scale_min': 0.4, 'vol_target_ann': 0.25}",5,0.5383086211338277,2.3112,73.337,-12.492,5.8709,2.801,0.005098,0.129929,False,False,False,econ_strong_stat_weak,0.65,3.0,1.5,0.4,0.25
"{'weight_cap': 0.55, 'k_atr': 3.0, 'turb_zscore_thr': 1.5, 'turb_scale_min': 0.4, 'vol_target_ann': 0.3}",5,0.5371584538255795,2.2702,79.617,-13.624,5.8437,2.752,0.005929,0.129929,False,False,False,econ_strong_stat_weak,0.55,3.0,1.5,0.4,0.3
"{'weight_cap': 0.65, 'k_atr': 3.0, 'turb_zscore_thr': 1.5, 'turb_scale_min': 0.25, 'vol_target_ann': 0.25}",5,0.530390412357263,2.3108,73.235,-12.569,5.8268,2.8,0.005105,0.129929,False,False,False,econ_strong_stat_weak,0.65,3.0,1.5,0.25,0.25
"{'weight_cap': 0.55, 'k_atr': 3.0, 'turb_zscore_thr': 1.5, 'turb_scale_min': 0.25, 'vol_target_ann': 0.3}",5,0.5295011663858645,2.2697,79.511,-13.7,5.8035,2.751,0.005941,0.129929,False,False,False,econ_strong_stat_weak,0.55,3.0,1.5,0.25,0.3
"{'weight_cap': 0.65, 'k_atr': 3.0, 'turb_zscore_thr': 1.5, 'turb_scale_min': 0.4, 'vol_target_ann': 0.3}",5,0.5184160990848825,2.261,79.061,-13.624,5.8029,2.741,0.006132,0.129929,False,False,False,econ_strong_stat_weak,0.65,3.0,1.5,0.4,0.3
"{'weight_cap': 0.65, 'k_atr': 3.0, 'turb_zscore_thr': 1.5, 'turb_scale_min': 0.25, 'vol_target_ann': 0.3}",5,0.510796660635545,2.2605,78.955,-13.7,5.763,2.74,0.006145,0.129929,False,False,False,econ_strong_stat_weak,0.65,3.0,1.5,0.25,0.3
"{'weight_cap': 0.55, 'k_atr': 3.0, 'turb_zscore_thr': 1.0, 'turb_scale_min': 0.25, 'vol_target_ann': 0.25}",5,0.5077459614935985,2.2805,70.04,-11.553,6.0627,2.764,0.005711,0.129929,False,False,False,econ_strong_stat_weak,0.55,3.0,1.0,0.25,0.25
"{'weight_cap': 0.65, 'k_atr': 3.0, 'turb_zscore_thr': 1.0, 'turb_scale_min': 0.25, 'vol_target_ann': 0.25}",5,0.496183077649891,2.2732,69.759,-11.553,6.0384,2.755,0.005866,0.129929,False,False,False,econ_strong_stat_weak,0.65,3.0,1.0,0.25,0.25
"{'weight_cap': 0.55, 'k_atr': 3.0, 'turb_zscore_thr': 1.0, 'turb_scale_min': 0.25, 'vol_target_ann': 0.3}",5,0.4758315473032226,2.2295,75.427,-12.7,5.9393,2.703,0.006876,0.129929,False,False,False,econ_strong_stat_weak,0.55,3.0,1.0,0.25,0.3
"{'weight_cap': 0.55, 'k_atr': 3.0, 'turb_zscore_thr': 1.5, 'turb_scale_min': 0.4, 'vol_target_ann': 0.35}",5,0.4664219026847507,2.2146,81.087,-14.273,5.681,2.685,0.007255,0.129929,False,False,False,econ_strong_stat_weak,0.55,3.0,1.5,0.4,0.35
"{'weight_cap': 0.55, 'k_atr': 3.0, 'turb_zscore_thr': 1.5, 'turb_scale_min': 0.25, 'vol_target_ann': 0.35}",5,0.4590632185330991,2.214,80.98,-14.349,5.6436,2.684,0.007272,0.129929,False,False,False,econ_strong_stat_weak,0.55,3.0,1.5,0.25,0.35
"{'weight_cap': 0.65, 'k_atr': 3.0, 'turb_zscore_thr': 1.0, 'turb_scale_min': 0.25, 'vol_target_ann': 0.3}",5,0.4590319670642603,2.2211,74.949,-12.7,5.9016,2.693,0.007088,0.129929,False,False,False,econ_strong_stat_weak,0.65,3.0,1.0,0.25,0.3
"{'weight_cap': 0.65, 'k_atr': 3.0, 'turb_zscore_thr': 1.5, 'turb_scale_min': 0.4, 'vol_target_ann': 0.35}",5,0.45325494964873086,2.2088,80.614,-14.273,5.6479,2.678,0.007408,0.129929,False,False,False,econ_strong_stat_weak,0.65,3.0,1.5,0.4,0.35
"{'weight_cap': 0.65, 'k_atr': 3.0, 'turb_zscore_thr': 1.5, 'turb_scale_min': 0.25, 'vol_target_ann': 0.35}",5,0.4459286432280956,2.2082,80.507,-14.349,5.6107,2.677,0.007425,0.129929,False,False,False,econ_strong_stat_weak,0.65,3.0,1.5,0.25,0.35
"{'weight_cap': 0.55, 'k_atr': 3.0, 'turb_zscore_thr': 1.0, 'turb_scale_min': 0.4, 'vol_target_ann': 0.25}",5,0.44509162386000034,2.2675,69.687,-12.174,5.7242,2.748,0.005989,0.129929,False,False,False,econ_strong_stat_weak,0.55,3.0,1.0,0.4,0.25
"{'weight_cap': 0.65, 'k_atr': 3.0, 'turb_zscore_thr': 1.0, 'turb_scale_min': 0.4, 'vol_target_ann': 0.25}",5,0.43374309479902473,2.2602,69.407,-12.174,5.7012,2.74,0.006151,0.129929,False,False,False,econ_strong_stat_weak,0.65,3.0,1.0,0.4,0.25
"{'weight_cap': 0.55, 'k_atr': 3.0, 'turb_zscore_thr': 1.0, 'turb_scale_min': 0.4, 'vol_target_ann': 0.3}",5,0.42031784388296045,2.2181,75.063,-13.313,5.6383,2.689,0.007165,0.129929,False,False,False,econ_strong_stat_weak,0.55,3.0,1.0,0.4,0.3
"{'weight_cap': 0.65, 'k_atr': 3.0, 'turb_zscore_thr': 1.0, 'turb_scale_min': 0.4, 'vol_target_ann': 0.3}",5,0.4038037764225313,2.2096,74.586,-13.313,5.6024,2.679,0.007386,0.129929,False,False,False,econ_strong_stat_weak,0.65,3.0,1.0,0.4,0.3
"{'weight_cap': 0.55, 'k_atr': 3.0, 'turb_zscore_thr': 1.0, 'turb_scale_min': 0.25, 'vol_target_ann': 0.35}",5,0.3983519215096768,2.1723,76.63,-13.325,5.7508,2.634,0.008437,0.130192,False,False,False,econ_strong_stat_weak,0.55,3.0,1.0,0.25,0.35
"{'weight_cap': 0.65, 'k_atr': 3.0, 'turb_zscore_thr': 1.0, 'turb_scale_min': 0.25, 'vol_target_ann': 0.35}",5,0.38657902067794336,2.167,76.22,-13.325,5.72,2.628,0.008597,0.130192,False,False,False,econ_strong_stat_weak,0.65,3.0,1.0,0.25,0.35
"{'weight_cap': 0.55, 'k_atr': 3.0, 'turb_zscore_thr': 1.0, 'turb_scale_min': 0.4, 'vol_target_ann': 0.35}",5,0.34706420325357945,2.1616,76.264,-13.934,5.4732,2.621,0.008762,0.130192,False,False,False,econ_strong_stat_weak,0.55,3.0,1.0,0.4,0.35
"{'weight_cap': 0.65, 'k_atr': 3.0, 'turb_zscore_thr': 1.0, 'turb_scale_min': 0.4, 'vol_target_ann': 0.35}",5,0.33549559798856043,2.1562,75.854,-13.934,5.4438,2.615,0.008928,0.130192,False,False,False,econ_strong_stat_weak,0.65,3.0,1.0,0.4,0.35
"{'weight_cap': 0.65, 'k_atr': 2.5, 'turb_zscore_thr': 1.5, 'turb_scale_min': 0.25, 'vol_target_ann': 0.25}",5,-0.07174543319802204,2.0178,58.659,-13.339,4.3975,2.448,0.014351,0.177643,False,False,False,econ_strong_stat_weak,0.65,2.5,1.5,0.25,0.25
"{'weight_cap': 0.55, 'k_atr': 2.5, 'turb_zscore_thr': 1.5, 'turb_scale_min': 0.25, 'vol_target_ann': 0.25}",5,-0.07502134564533246,2.0171,58.633,-13.339,4.3956,2.447,0.014387,0.177643,False,False,False,econ_strong_stat_weak,0.55,2.5,1.5,0.25,0.25
"{'weight_cap': 0.65, 'k_atr': 2.5, 'turb_zscore_thr': 1.5, 'turb_scale_min': 0.4, 'vol_target_ann': 0.25}",5,-0.08858898238376023,2.0112,58.446,-13.512,4.3256,2.44,0.014674,0.177643,False,False,False,econ_strong_stat_weak,0.65,2.5,1.5,0.4,0.25
"{'weight_cap': 0.55, 'k_atr': 2.5, 'turb_zscore_thr': 1.5, 'turb_scale_min': 0.4, 'vol_target_ann': 0.25}",5,-0.09185089706042593,2.0104,58.42,-13.512,4.3237,2.439,0.014711,0.177643,False,False,False,econ_strong_stat_weak,0.55,2.5,1.5,0.4,0.25
"{'weight_cap': 0.65, 'k_atr': 2.5, 'turb_zscore_thr': 1.0, 'turb_scale_min': 0.25, 'vol_target_ann': 0.25}",5,-0.13603682688842048,1.9765,55.569,-12.627,4.4007,2.399,0.016457,0.177643,False,False,False,econ_strong_stat_weak,0.65,2.5,1.0,0.25,0.25
"{'weight_cap': 0.55, 'k_atr': 2.5, 'turb_zscore_thr': 1.0, 'turb_scale_min': 0.25, 'vol_target_ann': 0.25}",5,-0.14886469224303542,1.9766,55.598,-12.849,4.3271,2.399,0.016451,0.177643,False,False,False,econ_strong_stat_weak,0.55,2.5,1.0,0.25,0.25
"{'weight_cap': 0.65, 'k_atr': 2.5, 'turb_zscore_thr': 1.5, 'turb_scale_min': 0.25, 'vol_target_ann': 0.3}",5,-0.15874398047006993,1.9505,61.767,-15.023,4.1116,2.367,0.017919,0.177643,False,False,False,econ_strong_stat_weak,0.65,2.5,1.5,0.25,0.3
"{'weight_cap': 0.55, 'k_atr': 2.5, 'turb_zscore_thr': 1.5, 'turb_scale_min': 0.25, 'vol_target_ann': 0.3}",5,-0.16363921863786854,1.9534,62.028,-15.284,4.0585,2.371,0.017752,0.177643,False,False,False,econ_strong_stat_weak,0.55,2.5,1.5,0.25,0.3
"{'weight_cap': 0.65, 'k_atr': 2.5, 'turb_zscore_thr': 1.5, 'turb_scale_min': 0.4, 'vol_target_ann': 0.3}",5,-0.16642510789471074,1.9445,61.55,-15.023,4.0971,2.36,0.018273,0.177643,False,False,False,econ_strong_stat_weak,0.65,2.5,1.5,0.4,0.3
"{'weight_cap': 0.55, 'k_atr': 2.5, 'turb_zscore_thr': 1.5, 'turb_scale_min': 0.4, 'vol_target_ann': 0.3}",5,-0.17127857079247844,1.9474,61.81,-15.284,4.0442,2.364,0.018101,0.177643,False,False,False,econ_strong_stat_weak,0.55,2.5,1.5,0.4,0.3
"{'weight_cap': 0.65, 'k_atr': 2.5, 'turb_zscore_thr': 1.0, 'turb_scale_min': 0.4, 'vol_target_ann': 0.25}",5,-0.18907491691020614,1.9571,54.975,-13.204,4.1636,2.375,0.017536,0.177643,False,False,False,econ_strong_stat_weak,0.65,2.5,1.0,0.4,0.25
"{'weight_cap': 0.55, 'k_atr': 2.5, 'turb_zscore_thr': 1.0, 'turb_scale_min': 0.4, 'vol_target_ann': 0.25}",5,-0.1905087165710426,1.9573,55.003,-13.204,4.1658,2.375,0.017529,0.177643,False,False,False,econ_strong_stat_weak,0.55,2.5,1.0,0.4,0.25
"{'weight_cap': 0.65, 'k_atr': 2.5, 'turb_zscore_thr': 1.0, 'turb_scale_min': 0.25, 'vol_target_ann': 0.3}",5,-0.26714373403862685,1.903,58.179,-15.023,3.8727,2.31,0.020884,0.192341,False,False,False,econ_strong_stat_weak,0.65,2.5,1.0,0.25,0.3
"{'weight_cap': 0.55, 'k_atr': 2.5, 'turb_zscore_thr': 1.0, 'turb_scale_min': 0.25, 'vol_target_ann': 0.3}",5,-0.27271457716044833,1.9054,58.404,-15.284,3.8213,2.313,0.020729,0.192341,False,False,False,econ_strong_stat_weak,0.55,2.5,1.0,0.25,0.3
"{'weight_cap': 0.65, 'k_atr': 2.5, 'turb_zscore_thr': 1.0, 'turb_scale_min': 0.4, 'vol_target_ann': 0.3}",5,-0.28906295695522144,1.8856,57.575,-15.023,3.8325,2.289,0.022078,0.19314,False,False,False,econ_strong_stat_weak,0.65,2.5,1.0,0.4,0.3
"{'weight_cap': 0.55, 'k_atr': 2.5, 'turb_zscore_thr': 1.0, 'turb_scale_min': 0.4, 'vol_target_ann': 0.3}",5,-0.29450963277799386,1.8879,57.798,-15.284,3.7817,2.292,0.021912,0.19314,False,False,False,econ_strong_stat_weak,0.55,2.5,1.0,0.4,0.3
"{'weight_cap': 0.55, 'k_atr': 2.0, 'turb_zscore_thr': 1.5, 'turb_scale_min': 0.4, 'vol_target_ann': 0.25}",5,-0.33726853407486546,1.8177,50.179,-12.613,3.9784,2.207,0.027298,0.198627,False,False,False,econ_strong_stat_weak,0.55,2.0,1.5,0.4,0.25
"{'weight_cap': 0.65, 'k_atr': 2.5, 'turb_zscore_thr': 1.5, 'turb_scale_min': 0.25, 'vol_target_ann': 0.35}",5,-0.34260294215807574,1.8613,60.608,-17.375,3.4883,2.26,0.023837,0.19314,False,False,False,econ_strong_stat_weak,0.65,2.5,1.5,0.25,0.35
"{'weight_cap': 0.55, 'k_atr': 2.0, 'turb_zscore_thr': 1.5, 'turb_scale_min': 0.25, 'vol_target_ann': 0.25}",5,-0.3466705413176662,1.8147,50.062,-12.714,3.9376,2.204,0.027552,0.198627,False,False,False,econ_strong_stat_weak,0.55,2.0,1.5,0.25,0.25
"{'weight_cap': 0.65, 'k_atr': 2.5, 'turb_zscore_thr': 1.5, 'turb_scale_min': 0.4, 'vol_target_ann': 0.35}",5,-0.34969567819993447,1.8556,60.392,-17.375,3.4759,2.253,0.024267,0.19314,False,False,False,econ_strong_stat_weak,0.65,2.5,1.5,0.4,0.35
"{'weight_cap': 0.55, 'k_atr': 2.5, 'turb_zscore_thr': 1.5, 'turb_scale_min': 0.25, 'vol_target_ann': 0.35}",5,-0.35001561871100517,1.8611,60.821,-17.673,3.4414,2.259,0.023854,0.19314,False,False,False,econ_strong_stat_weak,0.55,2.5,1.5,0.25,0.35
"{'weight_cap': 0.65, 'k_atr': 2.0, 'turb_zscore_thr': 1.5, 'turb_scale_min': 0.4, 'vol_target_ann': 0.25}",5,-0.35273693831418795,1.8081,49.794,-12.613,3.9479,2.196,0.028117,0.198627,False,False,False,econ_strong_stat_weak,0.65,2.0,1.5,0.4,0.25
"{'weight_cap': 0.55, 'k_atr': 2.5, 'turb_zscore_thr': 1.5, 'turb_scale_min': 0.4, 'vol_target_ann': 0.35}",5,-0.35706279786626743,1.8554,60.605,-17.673,3.4291,2.253,0.024282,0.19314,False,False,False,econ_strong_stat_weak,0.55,2.5,1.5,0.4,0.35
"{'weight_cap': 0.65, 'k_atr': 2.0, 'turb_zscore_thr': 1.5, 'turb_scale_min': 0.25, 'vol_target_ann': 0.25}",5,-0.362095372564215,1.8051,49.677,-12.714,3.9073,2.192,0.028377,0.198627,False,False,False,econ_strong_stat_weak,0.65,2.0,1.5,0.25,0.25
"{'weight_cap': 0.55, 'k_atr': 2.0, 'turb_zscore_thr': 1.0, 'turb_scale_min': 0.25, 'vol_target_ann': 0.25}",5,-0.42660713327482197,1.7767,47.348,-12.489,3.7913,2.158,0.030946,0.202383,False,False,False,econ_strong_stat_weak,0.55,2.0,1.0,0.25,0.25
"{'weight_cap': 0.65, 'k_atr': 2.0, 'turb_zscore_thr': 1.0, 'turb_scale_min': 0.25, 'vol_target_ann': 0.25}",5,-0.44057880884325973,1.7677,47.009,-12.489,3.7641,2.147,0.031805,0.202383,False,False,False,econ_strong_stat_weak,0.65,2.0,1.0,0.25,0.25
"{'weight_cap': 0.55, 'k_atr': 2.0, 'turb_zscore_thr': 1.0, 'turb_scale_min': 0.4, 'vol_target_ann': 0.25}",5,-0.4456859502540348,1.7685,47.109,-12.699,3.7097,2.148,0.031731,0.202383,False,False,False,econ_strong_stat_weak,0.55,2.0,1.0,0.4,0.25
"{'weight_cap': 0.65, 'k_atr': 2.5, 'turb_zscore_thr': 1.0, 'turb_scale_min': 0.25, 'vol_target_ann': 0.35}",5,-0.45144795862974524,1.8081,56.707,-17.276,3.2824,2.196,0.028117,0.198627,False,False,False,econ_strong_stat_weak,0.65,2.5,1.0,0.25,0.35
"{'weight_cap': 0.65, 'k_atr': 2.0, 'turb_zscore_thr': 1.0, 'turb_scale_min': 0.4, 'vol_target_ann': 0.25}",5,-0.4595763550494787,1.7594,46.771,-12.699,3.683,2.137,0.032608,0.203787,False,False,False,econ_strong_stat_weak,0.65,2.0,1.0,0.4,0.25
"{'weight_cap': 0.55, 'k_atr': 2.5, 'turb_zscore_thr': 1.0, 'turb_scale_min': 0.25, 'vol_target_ann': 0.35}",5,-0.46042250544603136,1.807,56.861,-17.586,3.2333,2.194,0.028218,0.198627,False,False,False,econ_strong_stat_weak,0.55,2.5,1.0,0.25,0.35
"{'weight_cap': 0.55, 'k_atr': 2.0, 'turb_zscore_thr': 1.5, 'turb_scale_min': 0.4, 'vol_target_ann': 0.3}",5,-0.4665280719029198,1.7436,50.28,-14.0,3.5913,2.118,0.034191,0.20584,False,False,False,econ_strong_stat_weak,0.55,2.0,1.5,0.4,0.3
"{'weight_cap': 0.65, 'k_atr': 2.5, 'turb_zscore_thr': 1.0, 'turb_scale_min': 0.4, 'vol_target_ann': 0.35}",5,-0.4716990580791991,1.7916,56.108,-17.276,3.2478,2.176,0.029581,0.199757,False,False,False,econ_strong_stat_weak,0.65,2.5,1.0,0.4,0.35
"{'weight_cap': 0.55, 'k_atr': 2.0, 'turb_zscore_thr': 1.5, 'turb_scale_min': 0.25, 'vol_target_ann': 0.3}",5,-0.4747173212002293,1.7408,50.163,-14.1,3.5577,2.114,0.034486,0.20584,False,False,False,econ_strong_stat_weak,0.55,2.0,1.5,0.25,0.3
"{'weight_cap': 0.65, 'k_atr': 2.0, 'turb_zscore_thr': 1.5, 'turb_scale_min': 0.4, 'vol_target_ann': 0.3}",5,-0.47892736085785004,1.7359,49.927,-14.0,3.5661,2.109,0.034988,0.20584,False,False,False,econ_strong_stat_weak,0.65,2.0,1.5,0.4,0.3
"{'weight_cap': 0.55, 'k_atr': 2.5, 'turb_zscore_thr': 1.0, 'turb_scale_min': 0.4, 'vol_target_ann': 0.35}",5,-0.4805332755834252,1.7905,56.261,-17.586,3.1992,2.174,0.02968,0.199757,False,False,False,econ_strong_stat_weak,0.55,2.5,1.0,0.4,0.35
"{'weight_cap': 0.65, 'k_atr': 2.0, 'turb_zscore_thr': 1.5, 'turb_scale_min': 0.25, 'vol_target_ann': 0.3}",5,-0.4870854467086011,1.7331,49.81,-14.1,3.5327,2.105,0.035289,0.20584,False,False,False,econ_strong_stat_weak,0.65,2.0,1.5,0.25,0.3
"{'weight_cap': 0.55, 'k_atr': 2.0, 'turb_zscore_thr': 1.5, 'turb_scale_min': 0.4, 'vol_target_ann': 0.35}",5,-0.533478006467112,1.7,49.842,-14.608,3.4118,2.065,0.038918,0.208283,False,False,False,econ_strong_stat_weak,0.55,2.0,1.5,0.4,0.35
"{'weight_cap': 0.55, 'k_atr': 2.0, 'turb_zscore_thr': 1.5, 'turb_scale_min': 0.25, 'vol_target_ann': 0.35}",5,-0.541191851635036,1.6971,49.725,-14.707,3.381,2.062,0.039242,0.208283,False,False,False,econ_strong_stat_weak,0.55,2.0,1.5,0.25,0.35
"{'weight_cap': 0.65, 'k_atr': 2.0, 'turb_zscore_thr': 1.5, 'turb_scale_min': 0.4, 'vol_target_ann': 0.35}",5,-0.5454435412095379,1.6924,49.489,-14.608,3.3877,2.056,0.039784,0.208283,False,False,False,econ_strong_stat_weak,0.65,2.0,1.5,0.4,0.35
"{'weight_cap': 0.65, 'k_atr': 2.0, 'turb_zscore_thr': 1.5, 'turb_scale_min': 0.25, 'vol_target_ann': 0.35}",5,-0.5531289612846515,1.6896,49.373,-14.707,3.3571,2.053,0.040115,0.208283,False,False,False,econ_strong_stat_weak,0.65,2.0,1.5,0.25,0.35
"{'weight_cap': 0.55, 'k_atr': 2.0, 'turb_zscore_thr': 1.0, 'turb_scale_min': 0.25, 'vol_target_ann': 0.3}",5,-0.5537961731275154,1.7014,47.429,-13.878,3.4175,2.067,0.038748,0.208283,False,False,False,econ_strong_stat_weak,0.55,2.0,1.0,0.25,0.3
"{'weight_cap': 0.65, 'k_atr': 2.0, 'turb_zscore_thr': 1.0, 'turb_scale_min': 0.25, 'vol_target_ann': 0.3}",5,-0.5647505112092925,1.6943,47.122,-13.878,3.3953,2.058,0.039564,0.208283,False,False,False,econ_strong_stat_weak,0.65,2.0,1.0,0.25,0.3
"{'weight_cap': 0.55, 'k_atr': 2.0, 'turb_zscore_thr': 1.0, 'turb_scale_min': 0.4, 'vol_target_ann': 0.3}",5,-0.5702829275965474,1.6937,47.191,-14.085,3.3504,2.058,0.039637,0.208283,False,False,False,econ_strong_stat_weak,0.55,2.0,1.0,0.4,0.3
"{'weight_cap': 0.65, 'k_atr': 2.0, 'turb_zscore_thr': 1.0, 'turb_scale_min': 0.4, 'vol_target_ann': 0.3}",5,-0.5811816541623767,1.6866,46.883,-14.085,3.3285,2.049,0.040469,0.208283,False,False,False,econ_strong_stat_weak,0.65,2.0,1.0,0.4,0.3
"{'weight_cap': 0.55, 'k_atr': 2.0, 'turb_zscore_thr': 1.0, 'turb_scale_min': 0.25, 'vol_target_ann': 0.35}",5,-0.6134747108475489,1.6625,47.047,-14.455,3.2548,2.02,0.043404,0.218638,False,False,False,econ_strong_stat_weak,0.55,2.0,1.0,0.25,0.35
"{'weight_cap': 0.65, 'k_atr': 2.0, 'turb_zscore_thr': 1.0, 'turb_scale_min': 0.25, 'vol_target_ann': 0.35}",5,-0.6244385348185857,1.6553,46.731,-14.455,3.233,2.011,0.044312,0.218638,False,False,False,econ_strong_stat_weak,0.65,2.0,1.0,0.25,0.35
"{'weight_cap': 0.55, 'k_atr': 2.0, 'turb_zscore_thr': 1.0, 'turb_scale_min': 0.4, 'vol_target_ann': 0.35}",5,-0.6290190991849657,1.655,46.809,-14.66,3.1929,2.011,0.044355,0.218638,False,False,False,econ_strong_stat_weak,0.55,2.0,1.0,0.4,0.35
"{'weight_cap': 0.65, 'k_atr': 2.0, 'turb_zscore_thr': 1.0, 'turb_scale_min': 0.4, 'vol_target_ann': 0.35}",5,-0.6399303933475238,1.6478,46.494,-14.66,3.1714,2.002,0.045281,0.220102,False,False,False,econ_strong_stat_weak,0.65,2.0,1.0,0.4,0.35
